time,motor_voltage,qei.omega,qei.theta
0,0,0,0
0.012,0,0,0
0.021,0.022,0,0
0.03,0.029999999,0,0
0.04,0.039999999,0,0
0.049,0.048999999,0,0
0.061,0.059,0,0
0.071,0.07,0,0
0.08,0.081,0,0
0.09,0.090000004,0,0
0.099,0.100000001,0,0
0.107,0.108000003,0,0
0.114,0.116999999,0,0
0.123,0.123999998,0,0
0.131,0.131999999,0,0
0.139,0.141000003,0,0
0.145,0.150000006,0,0
0.151,0.155000001,0,0
0.156,0.160999998,0,0
0.161,0.165999994,0,0
0.167,0.171000004,0,0
0.172,0.177000001,0,0
0.18,0.181999996,0,0
0.188,0.188999996,0,0
0.195,0.197999999,0,0
0.201,0.204999998,0,0
0.206,0.210999995,0,0
0.213,0.216000006,0,0
0.219,0.223000005,0,0
0.224,0.229000002,0,0
0.232,0.233999997,0,0
0.239,0.241999999,0,0
0.246,0.248999998,0,0
0.253,0.256000012,0,0
0.259,0.263000011,0,0
0.265,0.268000007,0,0
0.271,0.275000006,0,0
0.277,0.280999988,0,0
0.284,0.287,0,0
0.291,0.294,0,0
0.297,0.300999999,0,0
0.303,0.307000011,0,0
0.309,0.312999994,0,0
0.316,0.319000006,0,0
0.321,0.326000005,0,0
0.328,0.331,0,0
0.334,0.338,0,0
0.34,0.344000012,0,0
0.346,0.349999994,0,0
0.353,0.356000006,0,0
0.359,0.363000005,0,0
0.365,0.368999988,0,0
0.371,0.375,0,0
0.377,0.381000012,0,0
0.383,0.386999995,0,0
0.39,0.393000007,0,0
0.397,0.400999993,0,0
0.403,0.407000005,0,0
0.409,0.412999988,0,0
0.414,0.418000013,0,0
0.42,0.423999995,0,0
0.426,0.430000007,0,0
0.432,0.43599999,0,0
0.44,0.442000002,0,0
0.447,0.449999988,0,0
0.454,0.456999987,0,0
0.461,0.463999987,0,0
0.468,0.470999986,0,0
0.473,0.477999985,0,0
0.479,0.483999997,0,0
0.484,0.488999993,0,0
0.49,0.493999988,0,0
0.501,0.501999974,0,0
0.51,0.510999978,0,0
0.518,0.519999981,0,0
0.527,0.528999984,0,0
0.533,0.537,0,0
0.54,0.542999983,0,0
0.548,0.550000012,0,0
0.557,0.556999981,0,0
0.565,0.566999972,0,0
0.571,0.574999988,0,0
0.578,0.58099997,0,0
0.585,0.588,0,0
0.592,0.595000029,0,0
0.598,0.601999998,0,0
0.605,0.60799998,0,0
0.612,0.61500001,0,0
0.618,0.621999979,0,0
0.625,0.628000021,0,0
0.632,0.63499999,0,0
0.639,0.640999973,0,0
0.645,0.648999989,0,0
0.651,0.654999971,0,0
0.657,0.661000013,0,0
0.663,0.666999996,0,0
0.67,0.672999978,0,0
0.677,0.680000007,0,0
0.683,0.68599999,0,0
0.688,0.693000019,0,0
0.694,0.698000014,0,0
0.7,0.703999996,0,0
0.704,0.708999991,0,0
0.71,0.714999974,0,0
0.716,0.720000029,0,0
0.722,0.726000011,0,0
0.727,0.731999993,0,0
0.733,0.737999976,0,0
0.739,0.742999971,0,0
0.744,0.749000013,0,0
0.749,0.754000008,0,0
0.754,0.75999999,0,0
0.76,0.763999999,0,0
0.767,0.771000028,0,0
0.772,0.77700001,0,0
0.777,0.782000005,0,0
0.781,0.787,0,0
0.786,0.791000009,0,0
0.79,0.796000004,0,0
0.794,0.800000012,0,0
0.799,0.80400002,0,0
0.803,0.809000015,0,0
0.807,0.813000023,0,0
0.813,0.816999972,0,0
0.818,0.823000014,0,0
0.824,0.828000009,0,0
0.829,0.833999991,0,0
0.834,0.838999987,0,0
0.84,0.843999982,0,0
0.846,0.850000024,0,0
0.851,0.856000006,0,0
0.857,0.861000001,0,0
0.865,0.866999984,0,0
0.875,0.876999974,0,0
0.883,0.885999978,0,0
0.892,0.893000007,0,0
0.897,0.901000023,0,0
0.903,0.907000005,0,0
0.908,0.912999988,0,0
0.915,0.916999996,0,0
0.921,0.925000012,0,0
0.928,0.930999994,0,0
0.935,0.938000023,0,0
0.942,0.944000006,0,0
0.95,0.952000022,0,0
0.957,0.958999991,0,0
0.963,0.967000008,0,0
0.97,0.97299999,0,0
0.976,0.980000019,0,0
0.981,0.986000001,0,0
0.986,0.990999997,0,0
0.991,0.995999992,0,0
0.997,1.001999974,0,0
1.002,1.006999969,0,0
1.007,1.011999965,0,0
1.011,1.01699996,0,0
1.016,1.021000028,0,0
1.023,1.02699995,0,0
1.029,1.032999992,0,0
1.035,1.039000034,0,0
1.041,1.046000004,0,0
1.046,1.050999999,0,0
1.05,1.054999948,0,0
1.056,1.06099999,0,0
1.061,1.065999985,0,0
1.066,1.07099998,0,0
1.071,1.075999975,0,0
1.079,1.082000017,0,0
1.084,1.088999987,0,0
1.089,1.093999982,0,0
1.094,1.098999977,0,0
1.098,1.103999972,0,0
1.104,1.108999968,0,0
1.111,1.113999963,0,0
1.116,1.120000005,0,0
1.121,1.126000047,0,0
1.127,1.131999969,0,0
1.133,1.136999965,0,0
1.139,1.143000007,0,0
1.145,1.149000049,0,0
1.15,1.154999971,0,0
1.155,1.159999967,0,0
1.16,1.164999962,0,0
1.167,1.169999957,0,0
1.173,1.175999999,0,0
1.18,1.182999969,0,0
1.185,1.190000057,0,0
1.19,1.195000052,0,0
1.195,1.200000048,1.533980846,0.000306796
1.199,1.205000043,0,0.000306796
1.204,1.208999991,0,0.000306796
1.208,1.213999987,0,0.000306796
1.213,1.218000054,0,0.000306796
1.217,1.22300005,0,0.000306796
1.222,1.226999998,0,0.000306796
1.228,1.231999993,0,0.000306796
1.232,1.236999989,0,0.000306796
1.237,1.241999984,0,0.000306796
1.242,1.246999979,0,0.000306796
1.247,1.253000021,0,0.000306796
1.253,1.256999969,0,0.000306796
1.259,1.263000011,0,0.000306796
1.267,1.269999981,0,0.000306796
1.274,1.27699995,0,0.000306796
1.28,1.284000039,0,0.000306796
1.286,1.289999962,0,0.000306796
1.291,1.296000004,0,0.000306796
1.295,1.299999952,0,0.000306796
1.3,1.304999948,0,0.000306796
1.305,1.31099999,0,0.000306796
1.31,1.315000057,0,0.000306796
1.315,1.32099998,0,0.000306796
1.321,1.325000048,0,0.000306796
1.328,1.33099997,0,0.000306796
1.334,1.338000059,0,0.000306796
1.34,1.343999982,0,0.000306796
1.345,1.350000024,0,0.000306796
1.351,1.355000019,0,0.000306796
1.357,1.360999942,0,0.000306796
1.364,1.366999984,0,0.000306796
1.369,1.373999953,0,0.000306796
1.375,1.378999949,0,0.000306796
1.381,1.38499999,0,0.000306796
1.385,1.391000032,0,0.000306796
1.39,1.394999981,0,0.000306796
1.394,1.399999976,0,0.000306796
1.398,1.404000044,0,0.000306796
1.403,1.407999992,0,0.000306796
1.407,1.412999988,0,0.000306796
1.411,1.417000055,0,0.000306796
1.415,1.422000051,0,0.000306796
1.42,1.424999952,0,0.000306796
1.425,1.429999948,0,0.000306796
1.43,1.434999943,0,0.000306796
1.437,1.440999985,0,0.000306796
1.444,1.447000027,0,0.000306796
1.45,1.453999996,0,0.000306796
1.457,1.460000038,0,0.000306796
1.462,1.467000008,0,0.000306796
1.467,1.472000003,0,0.000306796
1.475,1.476999998,0,0.000306796
1.486,1.485999942,0,0.000306796
1.493,1.496999979,0,0.000306796
1.501,1.503000021,0,0.000613592
1.507,1.511000037,0,0.000613592
1.512,1.51699996,0,0.000920388
1.518,1.521999955,0,0.000920388
1.525,1.527999997,0,0.001227185
1.533,1.534999967,0,0.001840777
1.542,1.542999983,0,0.002147573
1.55,1.552000046,0,0.002454369
1.558,1.559999943,0,0.002761166
1.564,1.567999959,0,0.003374758
1.571,1.574000001,0,0.003681554
1.577,1.58099997,0,0.003988351
1.582,1.587000012,0,0.004295147
1.588,1.592000008,0,0.004295147
1.594,1.59800005,0,0.00490874
1.599,1.603999972,0,0.00490874
1.603,1.608999968,1.533980846,0.005215536
1.608,1.613000035,0,0.005215536
1.612,1.618000031,0,0.005522332
1.617,1.621999979,0,0.005522332
1.623,1.626999974,0,0.005829128
1.629,1.633000016,0,0.006135925
1.634,1.639000058,0,0.006135925
1.641,1.644000053,0,0.006442721
1.646,1.651000023,0,0.006749517
1.652,1.656000018,0,0.006749517
1.657,1.661999941,0,0.007056314
1.662,1.667000055,0,0.007056314
1.666,1.672000051,0,0.00736311
1.671,1.675999999,0,0.00736311
1.677,1.680999994,0,0.007669906
1.682,1.687000036,0,0.007976702
1.686,1.690999985,0,0.007976702
1.692,1.697999954,0,0.008283499
1.697,1.702000022,0,0.008283499
1.702,1.707000017,0,0.008590295
1.708,1.712000012,0,0.008897091
1.713,1.718000054,0,0.009203888
1.717,1.72300005,0,0.009510684
1.722,1.726999998,0,0.00981748
1.728,1.731999993,0,0.010431073
1.735,1.738000035,0,0.010737869
1.741,1.745000005,0,0.011044665
1.747,1.751000047,0,0.011965054
1.754,1.758999944,0,0.01227185
1.76,1.764000058,1.533980846,0.013192239
1.766,1.769999981,0,0.013499035
1.772,1.776000023,1.533980846,0.014112628
1.777,1.781999946,0,0.014112628
1.782,1.786999941,0,0.014726221
1.788,1.792000055,0,0.015033017
1.793,1.797999978,0,0.015646609
1.799,1.802999973,0,0.016260201
1.805,1.809999943,0,0.016566997
1.81,1.815000057,0,0.01718059
1.816,1.820000052,0,0.017794183
1.822,1.825999975,0,0.018407775
1.829,1.832000017,0,0.019021368
1.836,1.838999987,0,0.019941757
1.842,1.845999956,0,0.020555349
1.849,1.853000045,0,0.020862145
1.855,1.858999968,0,0.021475738
1.863,1.86500001,0,0.02208933
1.868,1.871999979,0,0.022702923
1.873,1.878000021,0,0.023009719
1.878,1.883000016,1.533980846,0.023623312
1.886,1.888000011,0,0.024236904
1.897,1.896999955,0,0.025157293
1.907,1.906999946,0,0.026077682
1.915,1.917000055,0,0.026691275
1.923,1.925999999,0,0.027304867
1.931,1.932999969,-1.533980846,0.02791846
1.938,1.940000057,0,0.028532052
1.946,1.947999954,0,0.029452441
1.954,1.95599997,0,0.030066034
1.962,1.963000059,0,0.030986423
1.97,1.972000003,0,0.032213606
1.976,1.978999972,0,0.032827199
1.982,1.985999942,0,0.033747587
1.987,1.991999984,0,0.034054384
1.991,1.996999979,0,0.034667976
1.995,2.002000093,0,0.035281569
2,2.006000042,0,0.035895161
2.006,2.010999918,0,0.036508754
2.012,2.016000032,0,0.037429143
2.017,2.022000074,0,0.038042735
2.022,2.02699995,0,0.038656328
2.028,2.032000065,0,0.039576717
2.034,2.038000107,0,0.040497106
2.039,2.045000076,0,0.041110698
2.045,2.049000025,1.533980846,0.042337883
2.051,2.053999901,0,0.042951476
2.056,2.061000109,0,0.043871865
2.063,2.065999985,0,0.044792254
2.069,2.072999954,0,0.046019439
2.073,2.078999996,0,0.046633031
2.077,2.082999945,0,0.047246624
2.081,2.086999893,0,0.047860216
2.084,2.09100008,0,0.048473809
2.088,2.095000029,0,0.049087401
2.092,2.09800005,0,0.05000779
2.096,2.102999926,0,0.050621383
2.1,2.105999947,0,0.051234975
2.104,2.109999895,1.533980846,0.052155364
2.107,2.114000082,0,0.052768957
2.113,2.117000103,0,0.053689346
2.119,2.122999907,0,0.054302938
2.123,2.128999949,0,0.054916531
2.128,2.132999897,0,0.056143716
2.135,2.138999939,0,0.056757309
2.139,2.144999981,1.533980846,0.057677697
2.146,2.150000095,0,0.05829129
2.151,2.154999971,0,0.059211679
2.156,2.161000013,0,0.059825271
2.16,2.165999889,1.533980846,0.06074566
2.167,2.170000076,0,0.061666049
2.173,2.177000046,1.533980846,0.062586434
2.177,2.183000088,0,0.062893227
2.183,2.187999964,0,0.064120397
2.187,2.191999912,0,0.064733982
2.192,2.197000027,0,0.06565436
2.196,2.201999903,0,0.066267945
2.2,2.20600009,0,0.067188323
2.204,2.210999966,0,0.0681087
2.208,2.214999914,0,0.068722285
2.213,2.219000101,0,0.069949456
2.218,2.22300005,0,0.070869833
2.225,2.229000092,0,0.072097003
2.231,2.234999895,1.533980846,0.073630966
2.237,2.24000001,0,0.074858144
2.242,2.246999979,0,0.075471729
2.248,2.252000093,0,0.076698899
2.254,2.256999969,0,0.078232862
2.26,2.265000105,0,0.079460032
2.267,2.269999981,0,0.080687203
2.274,2.27699995,0,0.081914373
2.281,2.28399992,0,0.083448336
2.287,2.289999962,0,0.084675506
2.293,2.296999931,0,0.085902676
2.299,2.302999973,1.533980846,0.087129846
2.304,2.309999943,0,0.087743431
2.309,2.313999891,0,0.088663809
2.314,2.319000006,0,0.090197772
2.321,2.323999882,0,0.091424942
2.328,2.33100009,0,0.092652112
2.335,2.336999893,0,0.094186075
2.341,2.344000101,0,0.095413245
2.347,2.349999905,0,0.096640415
2.353,2.357000113,0,0.098174378
2.36,2.362999916,0,0.100015134
2.368,2.369999886,1.533980846,0.102162682
2.379,2.378999949,0,0.104310229
2.388,2.388999939,1.533980846,0.106457777
2.397,2.398000002,0,0.107684948
2.403,2.405999899,0,0.10921891
2.41,2.413000107,0,0.110446081
2.416,2.420000076,0,0.111059666
2.421,2.426000118,0,0.112593628
2.427,2.430000067,0,0.113514006
2.433,2.437000036,0,0.115047969
2.44,2.443000078,0,0.116888724
2.449,2.450000048,0,0.11872948
2.457,2.457999945,0,0.12118382
2.465,2.467000008,0,0.123024575
2.473,2.474999905,0,0.124865331
2.481,2.48300004,0,0.127012923
2.491,2.490999937,0,0.129160523
2.497,2.5,1.533980846,0.131001323
2.504,2.506999969,0,0.132228523
2.509,2.515000105,0,0.133455724
2.514,2.519000053,0,0.134989724
2.521,2.523999929,0,0.136523724
2.528,2.530999899,0,0.138057724
2.535,2.538000107,0,0.139898524
2.544,2.546000004,0,0.142046124
2.551,2.553999901,0,0.143580124
2.558,2.561000109,1.533980846,0.145727724
2.564,2.568000078,0,0.147261724
2.571,2.573999882,0,0.148795724
2.577,2.579999924,1.533980846,0.150636524
2.583,2.588000059,0,0.151863724
2.588,2.592999935,0,0.153397724
2.594,2.59800005,0,0.154931724
2.6,2.604000092,0,0.156465724
2.606,2.609999895,1.533980846,0.157999724
2.611,2.615999937,1.533980846,0.159226924
2.616,2.621000051,0,0.160147324
2.62,2.625999928,0,0.161067724
2.624,2.630000114,0,0.162294924
2.628,2.634000063,0,0.163215324
2.633,2.638000011,1.533980846,0.164749324
2.64,2.642999887,1.533980846,0.166590124
2.647,2.648999929,0,0.168124124
2.654,2.657000065,1.533980846,0.169964924
2.66,2.664000034,1.533980846,0.171498924
2.666,2.670000076,0,0.173032925
2.671,2.676000118,0,0.174260125
2.676,2.680999994,1.533980846,0.176407725
2.682,2.686000109,0,0.177941725
2.688,2.691999912,0,0.179782525
2.694,2.697000027,0,0.182236925
2.701,2.703999996,1.533980846,0.184077725
2.706,2.710999966,0,0.185304925
2.711,2.71600008,0,0.186838925
2.716,2.720999956,0,0.188066125
2.72,2.726000071,0,0.189600125
2.725,2.730000019,0,0.191440925
2.733,2.734999895,0,0.193588525
2.739,2.742000103,0,0.195736125
2.747,2.749000072,0,0.198804125
2.754,2.756999969,1.533980846,0.200951725
2.76,2.765000105,0,0.202792525
2.767,2.769999981,0,0.204940125
2.773,2.77699995,1.533980846,0.207087725
2.78,2.782999992,0,0.208928525
2.786,2.789000034,1.533980846,0.211076126
2.791,2.796000004,1.533980846,0.212610126
2.796,2.801000118,0,0.214144126
2.803,2.806999922,0,0.215984926
2.808,2.812999964,0,0.217212126
2.812,2.818000078,0,0.218746126
2.818,2.822000027,0,0.220280126
2.822,2.826999903,0,0.221814126
2.828,2.832999945,0,0.223654926
2.835,2.838000059,1.533980846,0.226109326
2.841,2.845000029,0,0.227950126
2.848,2.851999998,0,0.230097726
2.855,2.85800004,0,0.232245326
2.861,2.86500001,0,0.233779326
2.866,2.871000051,0,0.235620126
2.871,2.875999928,0,0.237154126
2.876,2.881000042,1.533980846,0.238688126
2.882,2.885999918,0,0.240528926
2.891,2.892999887,0,0.243596926
2.899,2.901000023,1.533980846,0.246051326
2.907,2.90899992,0,0.248812526
2.914,2.917000055,0,0.251266867
2.92,2.924000025,0,0.253721148
2.926,2.930000067,1.533980846,0.255868644
2.932,2.936000109,0,0.258016139
2.937,2.941999912,1.533980846,0.260163665
2.943,2.947000027,0,0.262311161
2.951,2.953000069,0,0.265685827
2.961,2.961999893,0,0.268753678
2.968,2.970999956,0,0.270594388
2.973,2.977999926,0,0.272741884
2.981,2.98300004,0,0.275196165
2.987,2.990999937,0,0.277343661
2.992,2.996999979,1.533980846,0.279491156
2.997,3.002000093,0,0.281638652
3.003,3.006999969,0,0.283479363
3.009,3.013000011,0,0.285320073
3.014,3.019000053,0,0.286853999
3.018,3.023999929,0,0.28869471
3.024,3.029000044,0,0.29053542
3.029,3.03399992,0,0.292376131
3.035,3.039000034,0,0.294830412
3.041,3.046000004,0,0.296977907
3.047,3.051000118,0,0.299432188
3.054,3.056999922,0,0.302500039
3.062,3.065000057,0,0.305261105
3.069,3.072999954,0,0.307715386
3.077,3.078999996,0,0.311090022
3.086,3.086999893,0,0.314157873
3.092,3.095999956,0,0.315998584
3.098,3.101999998,0,0.31814608
3.104,3.10800004,0,0.320293576
3.11,3.114000082,0,0.322441071
3.117,3.119999886,0,0.324281782
3.122,3.125999928,1.533980846,0.326736063
3.128,3.131999969,0,0.328576773
3.134,3.138000011,0,0.331031054
3.141,3.144000053,0,0.333485335
3.147,3.15199995,0,0.335939616
3.153,3.157000065,1.533980846,0.338393897
3.16,3.163000107,0,0.341154963
3.166,3.170000076,0,0.343609244
3.171,3.176000118,1.533980846,0.346063524
3.177,3.181999922,1.533980846,0.347904235
3.181,3.187000036,0,0.349438161
3.186,3.190999985,0,0.351278871
3.19,3.194999933,0,0.353119582
3.194,3.200000048,1.533980846,0.355267078
3.199,3.204999924,0,0.357107788
3.205,3.209000111,0,0.359562069
3.21,3.213999987,0,0.361709565
3.215,3.220000029,1.533980846,0.364163846
3.22,3.223999977,0,0.366311342
3.225,3.230000019,1.533980846,0.368458837
3.23,3.234999895,0,0.369992763
3.236,3.24000001,0,0.372447044
3.241,3.246000051,0,0.374287754
3.246,3.250999928,1.533980846,0.376742035
3.251,3.256000042,0,0.378582746
3.256,3.262000084,1.533980846,0.381037027
3.263,3.266000032,0,0.383491307
3.269,3.273000002,0,0.386252373
3.273,3.279000044,0,0.388093084
3.278,3.28399992,0,0.38962701
3.282,3.288000107,1.533980846,0.391774505
3.286,3.292000055,0,0.393308431
3.291,3.296999931,0,0.395149142
3.295,3.301000118,0,0.396683067
3.299,3.305000067,0,0.398523778
3.303,3.309000015,1.533980846,0.400364488
3.308,3.312999964,0,0.401898414
3.312,3.318000078,0,0.40404591
3.317,3.322000027,0,0.406193405
3.322,3.326999903,0,0.408340931
3.327,3.332000017,0,0.411101997
3.333,3.336999893,0,0.413556278
3.339,3.344000101,0,0.415703803
3.344,3.348999977,1.533980846,0.418158084
3.35,3.354000092,0,0.42030558
3.356,3.359999895,0,0.422453076
3.361,3.365999937,0,0.424600571
3.366,3.371000051,1.533980846,0.426748067
3.372,3.377000093,1.533980846,0.428895563
3.377,3.381999969,0,0.431043059
3.383,3.387000084,1.533980846,0.43472448
3.392,3.392999887,0,0.438712686
3.4,3.403000116,0,0.442087322
3.407,3.410000086,1.533980846,0.445155174
3.412,3.417000055,0,0.447609454
3.419,3.421999931,1.533980846,0.450677305
3.426,3.428999901,0,0.453745157
3.432,3.434999943,0,0.456199437
3.438,3.441999912,0,0.459267288
3.444,3.447999954,1.533980846,0.46233514
3.451,3.454999924,1.533980846,0.465402991
3.457,3.460999966,1.533980846,0.467857271
3.462,3.467000008,1.533980846,0.470311552
3.468,3.471999884,0,0.473072618
3.475,3.477999926,0,0.47675404
3.482,3.484999895,1.533980846,0.47920832
3.487,3.492000103,0,0.481049031
3.491,3.496999979,0,0.483196527
3.495,3.500999928,0,0.485037237
3.5,3.506000042,1.533980846,0.487184733
3.504,3.50999999,0,0.489025444
3.508,3.513999939,1.533980846,0.490866154
3.512,3.517999887,0,0.492706865
3.517,3.522000074,0,0.495161146
3.522,3.52699995,0,0.497308642
3.527,3.532999992,0,0.499456137
3.531,3.536999941,1.533980846,0.501910448
3.537,3.540999889,0,0.504671514
3.544,3.546999931,0,0.507739365
3.551,3.553999901,1.533980846,0.511420786
3.558,3.561000109,1.533980846,0.514488637
3.564,3.568000078,0,0.517556489
3.57,3.575000048,0,0.520010769
3.577,3.58100009,0,0.523385406
3.584,3.586999893,1.533980846,0.527066827
3.592,3.594000101,0,0.530134678
3.598,3.601999998,1.533980846,0.532588959
3.604,3.60800004,0,0.535350025
3.609,3.614000082,1.533980846,0.537804306
3.615,3.618999958,0,0.541178942
3.622,3.625,0,0.544553578
3.628,3.631999969,1.533980846,0.547928214
3.635,3.638000011,1.533980846,0.55130285
3.641,3.644999981,1.533980846,0.554984272
3.648,3.65199995,0,0.558052123
3.653,3.657999992,0,0.560813189
3.659,3.664000034,1.533980846,0.564187825
3.666,3.670000076,1.533980846,0.567869246
3.673,3.676000118,1.533980846,0.571243882
3.679,3.683000088,1.533980846,0.574004948
3.684,3.688999891,0,0.576459229
3.689,3.694000006,0,0.578606725
3.693,3.698999882,0,0.581061006
3.697,3.703000069,0,0.583208501
3.701,3.707999945,0,0.585355997
3.707,3.711999893,0,0.588117063
3.711,3.717000008,0,0.590878129
3.716,3.721999884,0,0.59333241
3.721,3.726999998,1.533980846,0.596093476
3.726,3.732000113,0,0.598854542
3.733,3.736999989,0,0.601922393
3.738,3.743000031,1.533980846,0.604990244
3.744,3.747999907,0,0.608058095
3.752,3.753999949,0,0.612046301
3.758,3.760999918,1.533980846,0.615114152
3.764,3.767999887,0,0.617875218
3.769,3.773000002,1.533980846,0.620943069
3.775,3.779000044,0,0.624010921
3.781,3.785000086,0,0.627078772
3.787,3.790999889,1.533980846,0.629839838
3.791,3.796000004,0,0.631987333
3.796,3.802000046,0,0.634441614
3.801,3.806999922,0,0.636895895
3.805,3.811000109,0,0.639043391
3.81,3.815000057,0,0.641497672
3.814,3.819999933,0,0.643951952
3.819,3.823999882,1.533980846,0.646406233
3.824,3.828999996,0,0.649474084
3.831,3.834000111,1.533980846,0.653462291
3.838,3.84100008,0,0.657143712
3.845,3.84800005,1.533980846,0.660825133
3.851,3.855000019,1.533980846,0.663892984
3.856,3.861000061,0,0.66665405
3.862,3.865999937,0,0.670028687
3.868,3.871999979,1.533980846,0.673096538
3.872,3.878000021,0,0.675857604
3.878,3.881999969,0,0.67923224
3.884,3.888000011,1.533980846,0.682300091
3.889,3.894000053,0,0.685367942
3.897,3.898999929,1.533980846,0.690583289
3.906,3.907000065,0,0.69549185
3.914,3.914999962,1.533980846,0.699173272
3.919,3.923000097,1.533980846,0.702547908
3.927,3.928999901,1.533980846,0.707149684
3.935,3.937000036,0,0.711751461
3.942,3.944999933,0,0.715432882
3.948,3.951999903,1.533980846,0.719727874
3.955,3.957999945,0,0.72310251
3.961,3.964999914,0,0.726783931
3.966,3.970999956,0,0.729851782
3.973,3.976000071,1.533980846,0.734760344
3.981,3.98300004,0,0.73874855
3.989,3.990999937,1.533980846,0.743657112
3.995,3.999000072,0,0.746111393
3.999,4.005000114,1.533980846,0.748872459
4.003,4.008999825,0,0.751633525
4.008,4.013000011,0,0.754087806
4.012,4.018000126,1.533980846,0.756848872
4.016,4.021999836,0,0.759609938
4.021,4.02699995,0,0.762371004
4.026,4.031000137,0,0.76574564
4.033,4.035999775,0,0.769427061
4.038,4.043000221,1.533980846,0.772801697
4.044,4.048999786,0,0.775562763
4.049,4.053999901,0,0.778630614
4.054,4.059000015,0,0.781698465
4.059,4.06400013,0,0.784459531
4.064,4.068999767,1.533980846,0.787220597
4.069,4.073999882,0,0.789674878
4.073,4.078999996,1.533980846,0.792742729
4.077,4.084000111,0,0.79458344
4.082,4.086999893,0,0.797651291
4.087,4.092000008,1.533980846,0.800412357
4.092,4.097000122,0,0.802866638
4.096,4.102000237,0,0.805320919
4.1,4.105999947,0,0.808081985
4.105,4.111000061,1.533980846,0.811149836
4.11,4.114999771,1.533980846,0.813910902
4.114,4.119999886,0,0.816671968
4.118,4.124000072,1.533980846,0.819433033
4.123,4.127999783,0,0.822194099
4.128,4.132999897,1.533980846,0.826182306
4.133,4.137000084,0,0.829863727
4.14,4.144000053,1.533980846,0.833545148
4.145,4.150000095,0,0.836306214
4.15,4.15500021,0,0.839680851
4.155,4.159999847,1.533980846,0.842748702
4.159,4.164999962,0,0.845816553
4.165,4.170000076,1.533980846,0.849804759
4.171,4.175000191,0,0.853179395
4.176,4.179999828,0,0.856860816
4.181,4.18599987,0,0.860235453
4.187,4.191999912,0,0.863916874
4.193,4.197000027,0,0.867598295
4.197,4.203000069,0,0.870666146
4.202,4.208000183,0,0.873733997
4.207,4.211999893,1.533980846,0.876495063
4.211,4.217000008,3.067961693,0.879256129
4.215,4.221000195,1.533980846,0.881403625
4.219,4.224999905,0,0.884471476
4.224,4.229000092,0,0.887232542
4.228,4.234000206,0,0.890300393
4.233,4.237999916,0,0.893675029
4.239,4.243999958,0,0.897970021
4.246,4.25,1.533980846,0.901958227
4.252,4.256000042,0,0.905946434
4.256,4.262000084,1.533980846,0.90932107
4.263,4.267000198,1.533980846,0.913922846
4.27,4.272999763,0,0.918217838
4.276,4.28000021,0,0.922512829
4.283,4.285999775,0,0.927728176
4.293,4.294000149,0,0.934477448
4.303,4.303999901,1.533980846,0.940306365
4.312,4.311999798,1.533980846,0.946135283
4.32,4.322000027,1.533980846,0.950737059
4.327,4.329999924,1.533980846,0.955645621
4.333,4.336999893,0,0.959940612
4.341,4.342999935,1.533980846,0.965769529
4.351,4.352000237,0,0.971905231
4.359,4.361999989,1.533980846,0.978040934
4.367,4.368999958,0,0.983869851
4.375,4.376999855,0,0.988778412
4.382,4.385000229,1.533980846,0.993380189
4.388,4.392000198,1.533980846,0.99767518
4.395,4.397999763,0,1.002277374
4.402,4.40500021,1.533980846,1.007493734
4.409,4.412000179,0,1.01240325
4.415,4.419000149,1.533980846,1.016392231
4.419,4.425000191,0,1.019460678
4.425,4.428999901,1.533980846,1.023449659
4.43,4.434999943,0,1.026518106
4.434,4.440000057,1.533980846,1.030200243
4.439,4.443999767,1.533980846,1.03388238
4.445,4.448999882,1.533980846,1.037564516
4.451,4.454999924,1.533980846,1.041553497
4.456,4.460999966,0,1.045542479
4.462,4.46600008,0,1.04891777
4.467,4.471000195,0,1.052599907
4.471,4.477000237,0,1.055668354
4.476,4.480999947,1.533980846,1.059043646
4.48,4.486000061,0,1.062112093
4.485,4.489999771,0,1.06518054
4.489,4.494999886,0,1.068555832
4.494,4.499000072,1.533980846,1.072237968
4.499,4.504000187,0,1.075920105
4.504,4.508999825,1.533980846,1.079602242
4.509,4.513999939,1.533980846,1.082670689
4.513,4.519000053,0,1.085739136
4.518,4.524000168,0,1.089114428
4.522,4.527999878,1.533980846,1.092182875
4.527,4.532000065,0,1.095558167
4.532,4.537000179,0,1.099240303
4.537,4.541999817,0,1.103229284
4.543,4.546999931,1.533980846,1.106911421
4.548,4.552999973,1.533980846,1.111207247
4.555,4.558000088,0,1.115503073
4.561,4.565000057,1.533980846,1.119798899
4.566,4.571000099,0,1.123174191
4.571,4.576000214,1.533980846,1.126856327
4.576,4.580999851,0,1.130231619
4.58,4.585999966,0,1.133300066
4.585,4.590000153,0,1.136368513
4.59,4.59499979,0,1.140357494
4.594,4.599999905,0,1.144346476
4.6,4.605000019,1.533980846,1.148335457
4.606,4.610000134,1.533980846,1.152324438
4.61,4.616000175,1.533980846,1.155392885
4.614,4.620999813,0,1.158768177
4.619,4.625,1.533980846,1.162450314
4.624,4.629000187,0,1.165825605
4.628,4.633999825,1.533980846,1.169814587
4.634,4.638999939,0,1.172883034
4.639,4.644000053,1.533980846,1.17717886
4.644,4.649000168,0,1.181167722
4.651,4.653999805,0,1.185463548
4.656,4.660999775,1.533980846,1.189759374
4.661,4.665999889,0,1.193441391
4.667,4.671000004,0,1.197430372
4.672,4.677000046,1.533980846,1.201726198
4.677,4.68200016,1.533980846,1.205408335
4.682,4.686999798,0,1.210011005
4.691,4.691999912,0,1.216761589
4.698,4.701000214,0,1.221977949
4.705,4.709000111,0,1.22658062
4.711,4.715000153,0,1.231490135
4.718,4.721000195,0,1.236706495
4.724,4.728000164,0,1.241002321
4.73,4.734000206,0,1.245298147
4.736,4.739999771,0,1.249900818
4.742,4.745999813,1.533980846,1.254810333
4.748,4.751999855,0,1.259413004
4.755,4.758999825,1.533980846,1.264936209
4.763,4.765999794,1.533980846,1.269845724
4.768,4.772999763,1.533980846,1.274448395
4.775,4.777999878,1.533980846,1.279051065
4.78,4.78399992,0,1.283653736
4.786,4.789999962,1.533980846,1.287642717
4.792,4.796000004,0,1.291324854
4.796,4.802000046,1.533980846,1.294700146
4.8,4.806000233,1.533980846,1.298075438
4.805,4.809999943,1.533980846,1.301450729
4.809,4.815000057,1.533980846,1.305132866
4.814,4.820000172,1.533980846,1.308508158
4.818,4.823999882,0,1.31126976
4.822,4.828000069,0,1.314645052
4.827,4.831999779,1.533980846,1.318940878
4.832,4.836999893,0,1.322929859
4.838,4.842000008,1.533980846,1.3281461
4.843,4.84800005,0,1.331828237
4.847,4.853000164,0,1.335510373
4.852,4.857999802,0,1.339499354
4.857,4.861999989,0,1.34379518
4.863,4.868000031,0,1.348397851
4.869,4.873000145,1.533980846,1.352693677
4.874,4.879000187,0,1.356068969
4.878,4.883999825,1.533980846,1.359444261
4.882,4.888999939,1.533980846,1.362512708
4.886,4.892000198,0,1.36527431
4.889,4.895999908,1.533980846,1.368342757
4.894,4.900000095,1.533980846,1.372331738
4.898,4.902999878,3.067961693,1.376320601
4.902,4.907999992,0,1.379695892
4.907,4.912000179,0,1.383991718
4.912,4.918000221,0,1.387673855
4.916,4.921999931,0,1.391049147
4.921,4.926000118,1.533980846,1.395344973
4.925,4.931000233,1.533980846,1.399640799
4.931,4.93599987,0,1.403322935
4.936,4.940999985,0,1.407618761
4.941,4.946000099,1.533980846,1.411607623
4.947,4.952000141,0,1.416210294
4.952,4.955999851,0,1.42050612
4.957,4.961999893,1.533980846,1.424801946
4.963,4.967999935,1.533980846,1.429711461
4.968,4.97300005,0,1.433393598
4.973,4.979000092,1.533980846,1.43738246
4.977,4.982999802,0,1.440450907
4.981,4.986999989,1.533980846,1.444439888
4.986,4.991000175,1.533980846,1.44781518
4.99,4.995999813,1.533980846,1.451497316
4.995,5.000999928,0,1.454565763
4.999,5.005000114,0,1.458554745
5.005,5.010000229,0,1.462236881
5.008,5.014999866,1.533980846,1.465612173
5.013,5.019000053,1.533980846,1.469907999
5.019,5.024000168,1.533980846,1.47389698
5.023,5.028999805,1.533980846,1.477885962
5.028,5.032999992,1.533980846,1.482488632
5.034,5.038000107,1.533980846,1.486477613
5.038,5.044000149,0,1.49015975
5.043,5.047999859,0,1.493535042
5.048,5.052999973,1.533980846,1.497524023
5.053,5.058000088,0,1.501819849
5.058,5.063000202,0,1.505501986
5.064,5.06799984,1.533980846,1.510411501
5.07,5.073999882,1.533980846,1.515627861
5.076,5.079999924,1.533980846,1.520230532
5.081,5.086999893,0,1.524526358
5.086,5.09100008,1.533980846,1.529742718
5.094,5.096000195,0,1.537413716
5.102,5.105000019,0,1.543243766
5.108,5.111999989,0,1.548460126
5.114,5.118000031,1.533980846,1.553983331
5.12,5.123000145,0,1.558892846
5.127,5.130000114,1.533980846,1.565336585
5.135,5.137000084,0,1.571473479
5.143,5.144999981,1.533980846,1.578530788
5.15,5.152999878,1.533980846,1.585588217
5.16,5.159999847,0,1.594179749
5.169,5.170000076,0,1.601544023
5.178,5.178999901,0,1.60921514
5.187,5.18900013,1.533980846,1.615965724
5.195,5.197000027,1.533980846,1.623943686
5.203,5.204999924,1.533980846,1.629773736
5.21,5.212999821,1.533980846,1.635603786
5.215,5.21999979,1.533980846,1.639899611
5.221,5.224999905,0,1.645115972
5.227,5.230999947,1.533980846,1.650946021
5.233,5.236999989,1.533980846,1.655241847
5.238,5.243000031,1.533980846,1.659230828
5.243,5.248000145,1.533980846,1.663526654
5.248,5.252999783,1.533980846,1.668129325
5.253,5.257999897,1.533980846,1.672425151
5.259,5.263000011,1.533980846,1.677948356
5.265,5.269000053,0,1.683164716
5.272,5.275000095,0,1.688994765
5.278,5.282000065,1.533980846,1.69451797
5.284,5.288000107,0,1.699120641
5.289,5.294000149,1.533980846,1.703723311
5.294,5.298999786,1.533980846,1.707405448
5.298,5.303999901,1.533980846,1.711087584
5.302,5.308000088,1.533980846,1.714769721
5.306,5.311999798,0,1.718145013
5.311,5.316999912,1.533980846,1.722133994
5.315,5.321000099,1.533980846,1.72642982
5.32,5.324999809,0,1.730418801
5.325,5.329999924,1.533980846,1.735328317
5.331,5.335000038,1.533980846,1.741465211
5.337,5.34100008,1.533980846,1.746988416
5.343,5.347000122,1.533980846,1.751897931
5.348,5.353000164,0,1.756500602
5.353,5.357999802,0,1.761103153
5.358,5.362999916,0,1.765092134
5.363,5.368000031,1.533980846,1.769694805
5.368,5.373000145,0,1.774297357
5.373,5.377999783,1.533980846,1.778593183
5.378,5.382999897,0,1.783195853
5.384,5.388000011,0,1.788719058
5.389,5.394000053,1.533980846,1.793014884
5.394,5.399000168,0,1.796696901
5.398,5.403999805,1.533980846,1.800379038
5.402,5.407999992,1.533980846,1.804061174
5.406,5.412000179,0,1.807436466
5.41,5.415999889,1.533980846,1.811425328
5.414,5.420000076,1.533980846,1.815107465
5.418,5.423999786,0,1.818789601
5.423,5.427999973,0,1.822778583
5.427,5.433000088,1.533980846,1.827074409
5.432,5.438000202,1.533980846,1.831370115
5.437,5.441999912,1.533980846,1.835665941
5.442,5.447000027,1.533980846,1.840268612
5.448,5.452000141,0,1.845484972
5.453,5.458000183,1.533980846,1.850394487
5.458,5.462999821,1.533980846,1.854997158
5.464,5.468999863,0,1.860213518
5.47,5.473999977,0,1.865123034
5.475,5.480000019,0,1.870032549
5.481,5.485000134,1.533980846,1.875555754
5.487,5.491000175,0,1.88046515
5.492,5.497000217,0,1.885067821
5.498,5.501999855,1.533980846,1.891511559
5.507,5.507999897,0,1.899182677
5.514,5.517000198,0,1.905319571
5.522,5.524000168,1.533980846,1.912377
5.529,5.531000137,0,1.919741273
5.538,5.539000034,1.533980846,1.927412271
5.546,5.547999859,1.533980846,1.936003923
5.556,5.556000233,1.533980846,1.943981886
5.563,5.565999985,1.533980846,1.949811935
5.57,5.572999954,0,1.956255674
5.576,5.579999924,1.533980846,1.961472034
5.582,5.585999966,0,1.966688395
5.588,5.592000008,0,1.973438978
5.595,5.59800005,0,1.979575872
5.602,5.605000019,0,1.985712767
5.607,5.611999989,0,1.990929127
5.613,5.617000103,1.533980846,1.995838642
5.617,5.623000145,1.533980846,2.000134468
5.622,5.626999855,0,2.004430294
5.627,5.631999969,1.533980846,2.009032965
5.631,5.637000084,1.533980846,2.013328791
5.636,5.640999794,1.533980846,2.018238306
5.641,5.645999908,1.533980846,2.023147821
5.647,5.651000023,0,2.028977871
5.653,5.657999992,0,2.034194231
5.658,5.663000107,0,2.038796902
5.663,5.668000221,0,2.043399572
5.668,5.672999859,1.533980846,2.048615932
5.673,5.677999973,0,2.052604914
5.678,5.683000088,1.533980846,2.057514429
5.683,5.688000202,1.533980846,2.061810255
5.687,5.69299984,1.533980846,2.065492392
5.691,5.697000027,0,2.069788218
5.697,5.701000214,0,2.075004578
5.702,5.706999779,1.533980846,2.079300404
5.707,5.711999893,0,2.08359623
5.711,5.717000008,0,2.087278366
5.715,5.721000195,1.533980846,2.091574192
5.719,5.724999905,0,2.095256329
5.723,5.729000092,1.533980846,2.099552155
5.728,5.732999802,1.533980846,2.10384798
5.732,5.737999916,1.533980846,2.108143806
5.737,5.742000103,1.533980846,2.113053322
5.742,5.747000217,1.533980846,2.117962837
5.749,5.751999855,1.533980846,2.124406576
5.757,5.760000229,0,2.130850315
5.762,5.765999794,1.533980846,2.136066675
5.768,5.771999836,0,2.140976191
5.773,5.777999878,0,2.145578861
5.778,5.782999992,1.533980846,2.150488377
5.783,5.788000107,1.533980846,2.154477358
5.787,5.793000221,1.533980846,2.159080029
5.792,5.797999859,0,2.163682699
5.798,5.802000046,0,2.169819593
5.804,5.808000088,0,2.175035954
5.809,5.81400013,1.533980846,2.179945469
5.813,5.818999767,0,2.184854984
5.818,5.822999954,1.533980846,2.189457655
5.823,5.828999996,1.533980846,2.19436717
5.828,5.833000183,1.533980846,2.198969841
5.834,5.837999821,0,2.20541358
5.84,5.842999935,0,2.21062994
5.845,5.849999905,1.533980846,2.216766834
5.852,5.855999947,0,2.223210573
5.859,5.861999989,1.533980846,2.230881691
5.866,5.869999886,0,2.23732543
5.872,5.875999928,0,2.243769169
5.878,5.882999897,1.533980846,2.248678684
5.883,5.888000011,1.533980846,2.253281355
5.888,5.893000126,1.533980846,2.259111404
5.896,5.897999763,1.533980846,2.26923728
5.905,5.907000065,1.533980846,2.276908398
5.913,5.915999889,0,2.28550005
5.922,5.922999859,0,2.293784857
5.929,5.931000233,1.533980846,2.300842285
5.936,5.93900013,0,2.307592869
5.942,5.946000099,1.533980846,2.313422918
5.949,5.952000141,1.533980846,2.321707726
5.957,5.958000183,1.533980846,2.329992533
5.965,5.967999935,0,2.337049961
5.972,5.975999832,1.533980846,2.344107389
5.978,5.981999874,1.533980846,2.350551128
5.985,5.987999916,0,2.356688023
5.991,5.994999886,0,2.362824917
5.997,6.000999928,1.533980846,2.369268656
6.002,6.006999969,1.533980846,2.374178171
6.008,6.012000084,1.533980846,2.379701376
6.013,6.018000126,1.533980846,2.385531425
6.018,6.022999763,1.533980846,2.390440941
6.023,6.027999878,1.533980846,2.395350456
6.028,6.032999992,0,2.400566816
6.033,6.038000107,0,2.406396866
6.039,6.043000221,0,2.411920071
6.044,6.048999786,1.533980846,2.41775012
6.049,6.053999901,0,2.422659636
6.054,6.059000015,1.533980846,2.428489685
6.06,6.065000057,1.533980846,2.435547113
6.067,6.071000099,0,2.441990852
6.074,6.077000141,1.533980846,2.449968815
6.08,6.084000111,0,2.456412554
6.087,6.090000153,0,2.462242603
6.093,6.096000195,0,2.468072653
6.098,6.102000237,0,2.473902702
6.103,6.107999802,0,2.479119062
6.108,6.112999916,3.067961693,2.484642267
6.113,6.118000031,1.533980846,2.489551783
6.118,6.123000145,1.533980846,2.495995522
6.124,6.127999783,1.533980846,2.500905037
6.128,6.133999825,1.533980846,2.506121397
6.134,6.138000011,1.533980846,2.511951447
6.139,6.144000053,1.533980846,2.517167807
6.144,6.149000168,1.533980846,2.523304701
6.151,6.153999805,0,2.530055285
6.157,6.160999775,1.533980846,2.536192179
6.162,6.166999817,1.533980846,2.542022228
6.167,6.171999931,1.533980846,2.547238588
6.173,6.177999973,1.533980846,2.552454948
6.178,6.183000088,0,2.557978153
6.184,6.188000202,0,2.564421892
6.189,6.193999767,0,2.570865631
6.195,6.199999809,0,2.576695681
6.201,6.204999924,0,2.58252573
6.205,6.210999966,1.533980846,2.586821556
6.209,6.21600008,1.533980846,2.591424227
6.215,6.218999863,0,2.597254276
6.22,6.224999905,1.533980846,2.603391171
6.226,6.230999947,0,2.608914375
6.231,6.236999989,1.533980846,2.614744425
6.237,6.241000175,1.533980846,2.620881319
6.243,6.247000217,1.533980846,2.627325058
6.249,6.252999783,1.533980846,2.633461952
6.255,6.258999825,0,2.639905691
6.261,6.264999866,0,2.645428896
6.266,6.270999908,1.533980846,2.653100014
6.273,6.276000023,1.533980846,2.660464287
6.28,6.282999992,1.533980846,2.667521715
6.286,6.289999962,0,2.673658609
6.291,6.296000004,0,2.679795504
6.298,6.301000118,1.533980846,2.689614534
6.308,6.309000015,1.533980846,2.700967789
6.317,6.320000172,3.067961693,2.709866285
6.325,6.327000141,1.533980846,2.718151093
6.333,6.335000038,1.533980846,2.728276968
6.342,6.342999935,1.533980846,2.737482309
6.351,6.352000237,1.533980846,2.74730134
6.36,6.361000061,1.533980846,2.756813526
6.368,6.369999886,1.533980846,2.765405178
6.376,6.377999783,1.533980846,2.775224209
6.385,6.386000156,0,2.78504324
6.393,6.394999981,1.533980846,2.792407513
6.399,6.402999878,1.533980846,2.798851252
6.405,6.40899992,1.533980846,2.805601835
6.411,6.414999962,0,2.810511351
6.416,6.421000004,1.533980846,2.817261934
6.421,6.426000118,0,2.823091984
6.427,6.43200016,0,2.829842567
6.433,6.438000202,0,2.835979462
6.438,6.44299984,1.533980846,2.842730045
6.444,6.447999954,1.533980846,2.849787474
6.45,6.453999996,1.533980846,2.857151747
6.457,6.460000038,1.533980846,2.86451602
6.463,6.467000008,1.533980846,2.870346069
6.469,6.47300005,1.533980846,2.876176119
6.473,6.478000164,3.067961693,2.882006168
6.479,6.482999802,1.533980846,2.887836218
6.484,6.488999844,0,2.893359423
6.489,6.493999958,0,2.898268938
6.494,6.499000072,0,2.902871609
6.498,6.504000187,1.533980846,2.907781124
6.501,6.507999897,1.533980846,2.912383795
6.505,6.511000156,1.533980846,2.916986465
6.51,6.515999794,1.533980846,2.921589136
6.514,6.519999981,1.533980846,2.926498652
6.518,6.524000168,1.533980846,2.931408167
6.522,6.527999878,0,2.937238216
6.528,6.532000065,1.533980846,2.944602489
6.534,6.539000034,1.533980846,2.951046228
6.539,6.544000149,0,2.956876278
6.544,6.548999786,1.533980846,2.963013172
6.549,6.553999901,3.067961693,2.968229532
6.554,6.559000015,0,2.973445892
6.558,6.56400013,0,2.978662252
6.563,6.56799984,0,2.984492302
6.569,6.572999954,0,2.992777109
6.577,6.578999996,1.533980846,3.000755072
6.583,6.586999893,1.533980846,3.008426189
6.589,6.593999863,1.533980846,3.016097307
6.595,6.598999977,1.533980846,3.022847891
6.6,6.605000019,1.533980846,3.028064251
6.605,6.611000061,0,3.033280611
6.609,6.614999771,1.533980846,3.038190126
6.613,6.618999958,1.533980846,3.042485952
6.617,6.623000145,1.533980846,3.047702312
6.621,6.626999855,1.533980846,3.052918673
6.626,6.631999969,1.533980846,3.059055567
6.632,6.636000156,0,3.06641984
6.638,6.642000198,1.533980846,3.072556734
6.644,6.649000168,0,3.078693628
6.649,6.653999805,0,3.084830523
6.654,6.65899992,1.533980846,3.090967417
6.66,6.664000034,0,3.097104311
6.666,6.670000076,1.533980846,3.103854895
6.671,6.676000118,0,3.109684944
6.675,6.679999828,1.533980846,3.115821838
6.683,6.684999943,0,3.126561403
6.692,6.695000172,1.533980846,3.136687279
6.701,6.703000069,1.533980846,3.146199465
6.708,6.710999966,1.533980846,3.153870583
6.714,6.717999935,1.533980846,3.160621166
6.72,6.723999977,1.533980846,3.167985439
6.727,6.730000019,1.533980846,3.177190781
6.734,6.736999989,1.533980846,3.184555054
6.742,6.743999958,1.533980846,3.19406724
6.748,6.751999855,1.533980846,3.201738358
6.755,6.758999825,1.533980846,3.210943699
6.763,6.764999866,1.533980846,3.219228506
6.769,6.772999763,1.533980846,3.226285934
6.775,6.778999805,1.533980846,3.234263897
6.781,6.784999847,1.533980846,3.241014481
6.786,6.790999889,1.533980846,3.24684453
6.792,6.796000004,1.533980846,3.253901958
6.797,6.801000118,1.533980846,3.260345697
6.801,6.80700016,1.533980846,3.265255213
6.805,6.81099987,0,3.269857883
6.81,6.815000057,1.533980846,3.275381088
6.814,6.818999767,0,3.280904293
6.818,6.823999882,1.533980846,3.285506964
6.822,6.828000069,1.533980846,3.291030169
6.826,6.831999779,0,3.296246529
6.831,6.835999966,1.533980846,3.302076578
6.835,6.84100008,1.533980846,3.309440851
6.842,6.846000195,1.533980846,3.317418814
6.848,6.852000237,0,3.325089931
6.854,6.857999802,0,3.331226826
6.859,6.863999844,0,3.337056875
6.864,6.868999958,0,3.344114304
6.87,6.874000072,0,3.351171732
6.876,6.880000114,1.533980846,3.35884285
6.883,6.886000156,3.067961693,3.366820812
6.888,6.893000126,1.533980846,3.373264551
6.894,6.897999763,1.533980846,3.380015135
6.899,6.903999805,0,3.385845184
6.903,6.90899992,0,3.391061544
6.908,6.913000107,0,3.397812128
6.913,6.918000221,1.533980846,3.403335333
6.917,6.922999859,1.533980846,3.409165382
6.923,6.927000046,1.533980846,3.414995432
6.928,6.93200016,0,3.421746016
6.934,6.938000202,1.533980846,3.428803444
6.939,6.943999767,1.533980846,3.436167717
6.946,6.948999882,0,3.44353199
6.952,6.955999851,1.533980846,3.450282574
6.957,6.961999893,1.533980846,3.457340002
6.963,6.967000008,1.533980846,3.463476896
6.967,6.972000122,1.533980846,3.469613791
6.973,6.977000237,1.533980846,3.476978064
6.978,6.982999802,1.533980846,3.482501268
6.982,6.987999916,1.533980846,3.487717628
6.986,6.992000103,1.533980846,3.492320299
6.99,6.995999813,1.533980846,3.498457193
6.995,7,1.533980846,3.504900932
7,7.005000114,1.533980846,3.510730982
7.005,7.010000229,0,3.516254187
7.009,7.014999866,0,3.521470547
7.013,7.019000053,3.067961693,3.526686907
7.017,7.022999763,1.533980846,3.531903267
7.021,7.02699995,1.533980846,3.537426472
7.026,7.032000065,0,3.542642832
7.03,7.035999775,1.533980846,3.549086571
7.035,7.039999962,1.533980846,3.555837154
7.041,7.045000076,1.533980846,3.563508272
7.047,7.051000118,1.533980846,3.570565701
7.052,7.05700016,1.533980846,3.578543663
7.057,7.061999798,3.067961693,3.585294247
7.062,7.066999912,1.533980846,3.591737986
7.068,7.072000027,1.533980846,3.598795414
7.073,7.078000069,1.533980846,3.604318619
7.077,7.083000183,0,3.610148668
7.082,7.087999821,0,3.614751339
7.086,7.092000008,1.533980846,3.620274544
7.09,7.096000195,1.533980846,3.625797749
7.095,7.100999832,1.533980846,3.633775711
7.103,7.105000019,1.533980846,3.643594742
7.111,7.113999844,1.533980846,3.652186394
7.117,7.122000217,1.533980846,3.660778046
7.123,7.126999855,1.533980846,3.668449163
7.128,7.132999897,1.533980846,3.674279213
7.132,7.138000011,1.533980846,3.681336641
7.14,7.142000198,1.533980846,3.689928293
7.145,7.149000168,1.533980846,3.697292566
7.152,7.15500021,1.533980846,3.705577374
7.159,7.162000179,1.533980846,3.712941647
7.165,7.169000149,1.533980846,3.720919609
7.171,7.175000191,1.533980846,3.729204416
7.177,7.181000233,1.533980846,3.735341311
7.182,7.186999798,1.533980846,3.742398739
7.187,7.191999912,1.533980846,3.748228788
7.191,7.197000027,0,3.753445148
7.195,7.201000214,0,3.759275198
7.2,7.204999924,1.533980846,3.765718937
7.206,7.210999966,1.533980846,3.772776365
7.211,7.21600008,1.533980846,3.779833794
7.216,7.222000122,1.533980846,3.785970688
7.221,7.227000237,1.533980846,3.792107582
7.226,7.230999947,1.533980846,3.798551321
7.231,7.236000061,1.533980846,3.80499506
7.236,7.241000175,1.533980846,3.810825109
7.24,7.245999813,1.533980846,3.816655159
7.245,7.25,0,3.823712587
7.25,7.255000114,1.533980846,3.830770016
7.255,7.260000229,1.533980846,3.838134289
7.261,7.264999866,0,3.845498562
7.266,7.270999908,1.533980846,3.851942301
7.271,7.276000023,1.533980846,3.858079195
7.276,7.281000137,1.533980846,3.864829779
7.281,7.285999775,1.533980846,3.871580362
7.285,7.290999889,0,3.877717257
7.29,7.296000004,1.533980846,3.884160995
7.295,7.300000191,1.533980846,3.889991045
7.299,7.303999901,1.533980846,3.895821095
7.303,7.309000015,1.533980846,3.901651144
7.308,7.313000202,1.533980846,3.907788038
7.313,7.31799984,1.533980846,3.914231777
7.317,7.322999954,1.533980846,3.920675516
7.322,7.328000069,0,3.9274261
7.327,7.331999779,1.533980846,3.933562994
7.332,7.336999893,1.533980846,3.940313578
7.337,7.342000008,1.533980846,3.947371006
7.342,7.347000122,0,3.954735279
7.348,7.352000237,1.533980846,3.962713242
7.354,7.357999802,1.533980846,3.96977067
7.359,7.362999916,0,3.976828098
7.364,7.368999958,0,3.983885527
7.37,7.374000072,1.533980846,3.9912498
7.375,7.380000114,0,3.997386694
7.379,7.383999825,1.533980846,4.004747868
7.385,7.389999866,1.533980846,4.011493683
7.39,7.394999981,1.533980846,4.017932892
7.394,7.400000095,1.533980846,4.023758888
7.399,7.403999805,1.533980846,4.029278278
7.403,7.40899992,1.533980846,4.034797192
7.407,7.413000107,0,4.040009499
7.411,7.416999817,1.533980846,4.045835018
7.416,7.421999931,1.533980846,4.052275181
7.421,7.426000118,1.533980846,4.05871439
7.426,7.431000233,1.533980846,4.066380024
7.431,7.43599987,1.533980846,4.073125839
7.437,7.441999912,1.533980846,4.079565525
7.441,7.447000027,1.533980846,4.084778309
7.445,7.451000214,1.533980846,4.090603828
7.45,7.454999924,3.067961693,4.096738338
7.455,7.460000038,1.533980846,4.102870464
7.459,7.465000153,0,4.109003067
7.465,7.468999863,1.533980846,4.11758852
7.471,7.474999905,1.533980846,4.124641895
7.475,7.480999947,0,4.131694794
7.48,7.485000134,1.533980846,4.138441086
7.485,7.489999771,3.067961693,4.144574165
7.489,7.494999886,1.533980846,4.151319504
7.497,7.5,0,4.163584232
7.506,7.507999897,1.533980846,4.173702717
7.513,7.514999866,0,4.183514595
7.52,7.522999763,1.533980846,4.191793919
7.526,7.53000021,0,4.200072765
7.531,7.535999775,1.533980846,4.206818581
7.536,7.540999889,1.533980846,4.215097904
7.543,7.546000004,1.533980846,4.225829601
7.55,7.552999973,0,4.235641956
7.556,7.559999943,1.533980846,4.24330759
7.562,7.566999912,1.533980846,4.251279354
7.567,7.572000027,1.533980846,4.257718086
7.573,7.577000141,1.533980846,4.26599741
7.579,7.583000183,1.533980846,4.273049831
7.584,7.589000225,0,4.281022072
7.59,7.593999863,1.533980846,4.288380623
7.595,7.599999905,1.533980846,4.294820309
7.599,7.605000019,0,4.300339222
7.603,7.609000206,1.533980846,4.305858612
7.607,7.612999916,1.533980846,4.311685085
7.611,7.617000103,1.533980846,4.317204475
7.615,7.620999813,1.533980846,4.323030949
7.619,7.625,1.533980846,4.329164028
7.624,7.630000114,1.533980846,4.335297108
7.629,7.633999825,1.533980846,4.342962265
7.634,7.638999939,1.533980846,4.349708557
7.639,7.644000053,1.533980846,4.35584116
7.644,7.649000168,1.533980846,4.362280846
7.648,7.653999805,1.533980846,4.368413925
7.653,7.657999992,1.533980846,4.374853134
7.658,7.663000107,1.533980846,4.381905556
7.663,7.668000221,1.533980846,4.388958931
7.668,7.672999859,0,4.398157597
7.675,7.677999973,1.533980846,4.406744003
7.681,7.68599987,1.533980846,4.41533041
7.687,7.690999985,1.533980846,4.422382832
7.692,7.697000027,1.533980846,4.430048943
7.698,7.702000141,1.533980846,4.437101364
7.703,7.708000183,0,4.443848133
7.707,7.711999893,1.533980846,4.450287342
7.712,7.717999935,1.533980846,4.456113338
7.716,7.722000122,0,4.462245464
7.721,7.725999832,1.533980846,4.469912052
7.727,7.730999947,1.533980846,4.479725838
7.733,7.736999989,0,4.488005638
7.738,7.743000031,1.533980846,4.494751453
7.743,7.748000145,1.533980846,4.502725601
7.749,7.752999783,1.533980846,4.510085583
7.754,7.758999825,1.533980846,4.516831875
7.758,7.763999939,1.533980846,4.523577213
7.764,7.768000126,0,4.530629635
7.768,7.774000168,1.533980846,4.537068367
7.773,7.777999878,1.533980846,4.543814182
7.779,7.782999992,0,4.553319931
7.786,7.789000034,1.533980846,4.562826157
7.791,7.796000004,1.533980846,4.569879055
7.796,7.801000118,0,4.576625824
7.801,7.806000233,1.533980846,4.584291458
7.807,7.81099987,1.533980846,4.593797207
7.813,7.815999985,0,4.601463795
7.818,7.822000027,1.533980846,4.609130383
7.823,7.828000069,1.533980846,4.616490841
7.828,7.834000111,1.533980846,4.623849869
7.833,7.837999821,1.533980846,4.630595684
7.838,7.843999863,1.533980846,4.637341499
7.843,7.848999977,1.533980846,4.645622253
7.85,7.853000164,1.533980846,4.654208183
7.856,7.860000134,0,4.662487507
7.861,7.866000175,1.533980846,4.669233799
7.866,7.870999813,1.533980846,4.676593781
7.871,7.875999928,3.067961693,4.683339596
7.875,7.881000042,1.533980846,4.69100523
7.882,7.886000156,1.533980846,4.69928503
7.887,7.892000198,1.533980846,4.707258224
7.892,7.896999836,1.533980846,4.714310646
7.899,7.90199995,1.533980846,4.725962162
7.908,7.909999847,3.067961693,4.737002373
7.914,7.918000221,1.533980846,4.744668961
7.92,7.923999786,1.533980846,4.752947807
7.925,7.929999828,0,4.759693623
7.93,7.934999943,1.533980846,4.768892765
7.936,7.940000057,1.533980846,4.777171612
7.942,7.946000099,1.533980846,4.786678314
7.948,7.952000141,1.533980846,4.79587698
7.954,7.959000111,0,4.805076122
7.96,7.965000153,1.533980846,4.812741756
7.965,7.96999979,0,4.819795609
7.97,7.975999832,1.533980846,4.826543331
7.975,7.980000019,1.533980846,4.834516525
7.981,7.985000134,1.533980846,4.843715668
7.988,7.992000103,1.533980846,4.854141235
7.993,7.998000145,0,4.861500263
7.999,8.003000259,1.533980846,4.86947298
8.003,8.008000374,1.533980846,4.876525402
8.007,8.012999535,1.533980846,4.883271694
8.012,8.017999649,1.533980846,4.889097691
8.016,8.022000313,1.533980846,4.894617081
8.02,8.026000023,0,4.900751114
8.024,8.029999733,0,4.908723354
8.031,8.034999847,1.533980846,4.91822958
8.037,8.041000366,1.533980846,4.927122116
8.042,8.046999931,1.533980846,4.933868885
8.047,8.052000046,1.533980846,4.940921783
8.052,8.05700016,3.067961693,4.948894501
8.057,8.06099987,1.533980846,4.956253529
8.061,8.065999985,1.533980846,4.963000298
8.066,8.071000099,0,4.970053196
8.07,8.074999809,1.533980846,4.977106571
8.075,8.079999924,0,4.984772682
8.08,8.085000038,1.533980846,4.992132664
8.085,8.090000153,1.533980846,4.999185562
8.091,8.095999718,1.533980846,5.007771969
8.096,8.100999832,1.533980846,5.013904572
8.1,8.105999947,3.067961693,5.020037174
8.104,8.109999657,1.533980846,5.025863171
8.108,8.11400032,1.533980846,5.032610416
8.112,8.118000031,1.533980846,5.03843689
8.116,8.121999741,1.533980846,5.044876575
8.12,8.126000404,3.067961693,5.051623344
8.125,8.130000114,1.533980846,5.057756901
8.129,8.135000229,1.533980846,5.064502716
8.133,8.138999939,0,5.071249008
8.139,8.142999649,3.067961693,5.080449581
8.145,8.149000168,1.533980846,5.088730812
8.149,8.154999733,1.533980846,5.096396923
8.155,8.159999847,1.533980846,5.103755951
8.16,8.164999962,1.533980846,5.110809803
8.164,8.170000076,1.533980846,5.117555618
8.171,8.173999786,1.533980846,5.127980709
8.177,8.180999756,1.533980846,5.138100624
8.183,8.187000275,3.067961693,5.147607327
8.189,8.19299984,0,5.156502247
8.194,8.199000359,1.533980846,5.164474964
8.199,8.204000473,1.533980846,5.173060894
8.205,8.208999634,0,5.181954384
8.21,8.215000153,1.533980846,5.189314842
8.215,8.220999718,1.533980846,5.195753574
8.219,8.225000381,1.533980846,5.20249939
8.223,8.229000092,1.533980846,5.209246159
8.228,8.232999802,1.533980846,5.216605663
8.233,8.237999916,1.533980846,5.227031708
8.24,8.243000031,3.067961693,5.236231327
8.246,8.25,1.533980846,5.246963024
8.253,8.255999565,1.533980846,5.257695675
8.259,8.262999535,1.533980846,5.26812315
8.265,8.269000053,3.067961693,5.277015686
8.271,8.276000023,1.533980846,5.285295486
8.277,8.281000137,1.533980846,5.294495583
8.283,8.286000252,1.533980846,5.307067871
8.294,8.293999672,1.533980846,5.322093964
8.302,8.303999901,0,5.332213879
8.308,8.312000275,1.533980846,5.343866825
8.316,8.31799984,3.067961693,5.355826855
8.323,8.324999809,0,5.367173195
8.331,8.333999634,1.533980846,5.377905846
8.338,8.340000153,1.533980846,5.391397953
8.348,8.347999573,1.533980846,5.405809879
8.357,8.357999802,1.533980846,5.420223713
8.366,8.368000031,1.533980846,5.433716774
8.374,8.376000404,1.533980846,5.446289063
8.382,8.383999825,0,5.460088253
8.39,8.392000198,1.533980846,5.472969532
8.398,8.399999619,1.533980846,5.484621048
8.405,8.409000397,1.533980846,5.492593288
8.41,8.414999962,1.533980846,5.49964571
8.414,8.420000076,1.533980846,5.506698132
8.419,8.423999786,0,5.51405859
8.424,8.428999901,1.533980846,5.521418571
8.429,8.434000015,1.533980846,5.531538486
8.435,8.43900013,1.533980846,5.542273045
8.442,8.444999695,1.533980846,5.554539204
8.449,8.451999664,1.533980846,5.564659119
8.456,8.458999634,1.533980846,5.575698376
8.463,8.465999603,1.533980846,5.58673811
8.47,8.472999573,1.533980846,5.596857548
8.475,8.479000092,1.533980846,5.604830265
8.48,8.484999657,3.067961693,5.612190247
8.484,8.489999771,1.533980846,5.618630409
8.488,8.494000435,1.533980846,5.625376225
8.492,8.498000145,1.533980846,5.632429123
8.497,8.501999855,1.533980846,5.640708923
8.502,8.508000374,1.533980846,5.648989201
8.507,8.512000084,0,5.656655788
8.513,8.517000198,1.533980846,5.66646862
8.518,8.522999763,1.533980846,5.673828125
8.523,8.527999878,1.533980846,5.680574417
8.527,8.531999588,0,5.688240528
8.533,8.536999702,1.533980846,5.698360443
8.539,8.543000221,1.533980846,5.707253933
8.544,8.548999786,1.533980846,5.715533733
8.55,8.553999901,1.533980846,5.726267338
8.556,8.56000042,0,5.735774517
8.563,8.565999985,3.067961693,5.747735023
8.569,8.572999954,1.533980846,5.757242203
8.575,8.579000473,0,5.766441822
8.581,8.585000038,1.533980846,5.77717495
8.587,8.590999603,1.533980846,5.787294865
8.593,8.597000122,1.533980846,5.796494961
8.6,8.602999687,1.533980846,5.806307793
8.606,8.609999657,1.533980846,5.816734791
8.611,8.616000175,3.067961693,5.824094772
8.616,8.62100029,3.067961693,5.833601475
8.623,8.626000404,1.533980846,5.844335079
8.629,8.633000374,1.533980846,5.854147434
8.635,8.638999939,3.067961693,5.864267349
8.64,8.645999908,1.533980846,5.872853756
8.647,8.651000023,1.533980846,5.88358736
8.653,8.656999588,3.067961693,5.893400192
8.659,8.663000107,3.067961693,5.903521061
8.665,8.670000076,1.533980846,5.913948059
8.672,8.675999641,1.533980846,5.922841549
8.677,8.680999756,1.533980846,5.932347775
8.683,8.687000275,1.533980846,5.941241264
8.69,8.69299984,1.533980846,5.954428673
8.699,8.701000214,1.533980846,5.969762802
8.707,8.708999634,1.533980846,5.983255386
8.715,8.717000008,1.533980846,5.996135712
8.723,8.725000381,1.533980846,6.008401871
8.73,8.732999802,1.533980846,6.019134521
8.737,8.739999771,1.533980846,6.031094551
8.744,8.746999741,1.533980846,6.041828632
8.751,8.75399971,1.533980846,6.055016041
8.758,8.760000229,1.533980846,6.06758976
8.766,8.767999649,1.533980846,6.081083298
8.774,8.776000023,3.067961693,6.094271183
8.782,8.784000397,3.067961693,6.106537342
8.789,8.791000366,1.533980846,6.11727047
8.795,8.798000336,1.533980846,6.128003597
8.8,8.805000305,1.533980846,6.136897564
8.806,8.81000042,1.533980846,6.147323132
8.812,8.815999985,1.533980846,6.155910015
8.818,8.82199955,1.533980846,6.164804459
8.823,8.828000069,1.533980846,6.174618244
8.829,8.833000183,1.533980846,6.182284832
8.834,8.838000298,1.533980846,6.192098618
8.84,8.843000412,1.533980846,6.203751564
8.847,8.850000381,1.533980846,6.215711117
8.855,8.857000351,1.533980846,6.227977753
8.862,8.864999771,1.533980846,6.237484455
8.867,8.87100029,3.067961693,6.245765209
8.872,8.876999855,3.067961693,6.255271912
8.877,8.881999969,1.533980846,6.264471054
8.883,8.887999535,1.533980846,6.271830559
8.887,8.892999649,1.533980846,6.278883457
8.891,8.897000313,1.533980846,6.28532362
8.895,8.901000023,3.067961693,6.291456699
8.899,8.904999733,1.533980846,6.297590256
8.903,8.909000397,1.533980846,6.302803516
8.906,8.913000107,1.533980846,6.308937073
8.91,8.916000366,1.533980846,6.315070152
8.913,8.920000076,1.533980846,6.321510315
8.918,8.923000336,1.533980846,6.329176426
8.923,8.92800045,1.533980846,6.336842537
8.927,8.93200016,1.533980846,6.343283176
8.93,8.937000275,1.533980846,6.349723816
8.935,8.940999985,1.533980846,6.357697487
8.939,8.944999695,3.067961693,6.365057945
8.943,8.949000359,1.533980846,6.37241745
8.948,8.953000069,1.533980846,6.379777431
8.952,8.958000183,1.533980846,6.387444019
8.957,8.963000298,1.533980846,6.394497395
8.961,8.967000008,1.533980846,6.401551247
8.965,8.970999718,1.533980846,6.409831047
8.97,8.975000381,1.533980846,6.417497635
8.975,8.979999542,1.533980846,6.426391602
8.979,8.984999657,1.533980846,6.435591698
8.985,8.989999771,1.533980846,6.443257809
8.989,8.994999886,1.533980846,6.450617313
8.994,8.998999596,1.533980846,6.457977772
8.998,9.00399971,1.533980846,6.466259003
9.003,9.008000374,1.533980846,6.472698689
9.007,9.012999535,1.533980846,6.480058193
9.011,9.017000198,3.067961693,6.487419605
9.016,9.020999908,1.533980846,6.496313095
9.022,9.026000023,1.533980846,6.506127357
9.027,9.031999588,1.533980846,6.515328407
9.032,9.036999702,3.067961693,6.523916721
9.037,9.043000221,1.533980846,6.532810211
9.042,9.048000336,0,6.540477276
9.047,9.052000046,1.533980846,6.54845047
9.052,9.05700016,3.067961693,6.556424141
9.056,9.062000275,1.533980846,6.563784122
9.061,9.065999985,1.533980846,6.572676659
9.066,9.07199955,1.533980846,6.582183838
9.073,9.076999664,1.533980846,6.593224525
9.079,9.083000183,1.533980846,6.603651047
9.086,9.088999748,1.533980846,6.614997864
9.092,9.095999718,1.533980846,6.625117302
9.098,9.102000237,1.533980846,6.634011269
9.103,9.107999802,1.533980846,6.643517017
9.112,9.11400032,3.067961693,6.658850193
9.12,9.121999741,1.533980846,6.672956944
9.128,9.130999565,3.067961693,6.684610367
9.135,9.137999535,1.533980846,6.695650101
9.141,9.145000458,1.533980846,6.708837509
9.149,9.151000023,3.067961693,6.72263813
9.157,9.159000397,3.067961693,6.737666607
9.165,9.166999817,0,6.74962759
9.172,9.175000191,1.533980846,6.762201309
9.18,9.18200016,1.533980846,6.773855209
9.187,9.18999958,3.067961693,6.786736965
9.193,9.196000099,1.533980846,6.795323849
9.198,9.203000069,1.533980846,6.806057453
9.204,9.206999779,1.533980846,6.816791058
9.209,9.213999748,1.533980846,6.825685024
9.215,9.218999863,1.533980846,6.83488512
9.22,9.225000381,1.533980846,6.843472481
9.225,9.229999542,3.067961693,6.852058887
9.23,9.234999657,1.533980846,6.8609519
9.235,9.239999771,0,6.868926048
9.24,9.244999886,1.533980846,6.877820969
9.244,9.25,1.533980846,6.885794163
9.249,9.25399971,0,6.894382
9.254,9.258999825,0,6.902970314
9.259,9.265000343,1.533980846,6.911557198
9.264,9.270000458,1.533980846,6.920450687
9.269,9.274999619,3.067961693,6.928424358
9.274,9.279000282,1.533980846,6.936704636
9.279,9.284000397,1.533980846,6.945904732
9.285,9.288999557,3.067961693,6.954491615
9.289,9.295000076,1.533980846,6.96215868
9.294,9.298999786,1.533980846,6.971665859
9.299,9.303999901,1.533980846,6.980559349
9.304,9.31000042,1.533980846,6.988226414
9.309,9.31400013,0,6.995587349
9.313,9.319000244,1.533980846,7.002947807
9.317,9.322999954,1.533980846,7.009695053
9.321,9.326999664,1.533980846,7.016441822
9.325,9.331000328,1.533980846,7.02410841
9.33,9.336000443,3.067961693,7.033615589
9.335,9.340999603,1.533980846,7.04220295
9.34,9.345000267,1.533980846,7.051096916
9.345,9.350000381,1.533980846,7.059376717
9.35,9.354999542,3.067961693,7.069191456
9.355,9.359999657,1.533980846,7.079311848
9.361,9.366000175,1.533980846,7.088511467
9.366,9.37100029,1.533980846,7.096485138
9.371,9.376000404,1.533980846,7.104458332
9.375,9.380999565,0,7.11243248
9.381,9.38599968,1.533980846,7.122552872
9.386,9.390999794,1.533980846,7.132367134
9.392,9.395999908,1.533980846,7.14187479
9.396,9.402000427,1.533980846,7.150462627
9.401,9.406999588,1.533980846,7.158436775
9.405,9.411000252,1.533980846,7.165797234
9.409,9.416000366,1.533980846,7.173464298
9.414,9.420000076,1.533980846,7.181438446
9.418,9.423999786,1.533980846,7.189105034
9.422,9.42800045,1.533980846,7.196158409
9.427,9.43200016,1.533980846,7.204131603
9.431,9.437000275,1.533980846,7.21302557
9.437,9.442000389,1.533980846,7.222532749
9.442,9.44699955,3.067961693,7.231733799
9.446,9.451999664,1.533980846,7.239707947
9.452,9.456000328,3.067961693,7.250749588
9.458,9.461999893,3.067961693,7.262403488
9.464,9.468000412,1.533980846,7.272217751
9.469,9.473999977,1.533980846,7.28111124
9.474,9.479000092,0,7.290005207
9.479,9.484000206,1.533980846,7.300125599
9.485,9.489999771,1.533980846,7.309019566
9.49,9.494999886,1.533980846,7.318220615
9.495,9.5,3.067961693,7.328954697
9.501,9.505000114,1.533980846,7.338768959
9.506,9.51099968,1.533980846,7.349196911
9.511,9.517000198,3.067961693,7.359624863
9.519,9.522000313,1.533980846,7.374959469
9.527,9.529999733,1.533980846,7.389987469
9.535,9.536999702,1.533980846,7.401641846
9.541,9.543999672,1.533980846,7.413296223
9.547,9.550999641,1.533980846,7.426484108
9.555,9.557999611,3.067961693,7.440591812
9.562,9.56499958,1.533980846,7.453472614
9.569,9.57199955,1.533980846,7.466353416
9.576,9.579000473,1.533980846,7.478007793
9.583,9.586000443,1.533980846,7.492115974
9.591,9.593999863,1.533980846,7.506529808
9.598,9.600999832,1.533980846,7.517878056
9.604,9.607999802,1.533980846,7.527692318
9.609,9.61400032,1.533980846,7.536892891
9.614,9.619000435,1.533980846,7.546706676
9.619,9.623999596,0,7.555601597
9.625,9.62899971,1.533980846,7.566029549
9.631,9.635000229,3.067961693,7.576150894
9.635,9.640999794,1.533980846,7.585044861
9.64,9.645000458,1.533980846,7.593939304
9.645,9.649999619,1.533980846,7.604060173
9.65,9.654999733,1.533980846,7.613567829
9.655,9.661000252,1.533980846,7.62215519
9.66,9.664999962,3.067961693,7.63074255
9.664,9.670000076,1.533980846,7.639022827
9.669,9.673999786,3.067961693,7.647917271
9.674,9.678999901,1.533980846,7.656811237
9.679,9.684000015,3.067961693,7.6666255
9.684,9.68900013,1.533980846,7.678280354
9.691,9.694000244,1.533980846,7.690241814
9.697,9.701000214,3.067961693,7.701282978
9.702,9.706999779,1.533980846,7.710484028
9.707,9.711999893,3.067961693,7.719685078
9.712,9.715999603,1.533980846,7.729498863
9.717,9.722000122,1.533980846,7.738393307
9.721,9.727000237,3.067961693,7.746367931
9.725,9.730999947,3.067961693,7.755261898
9.731,9.734999657,1.533980846,7.764769554
9.736,9.741000175,3.067961693,7.7748909
9.741,9.74600029,1.533980846,7.785011292
9.748,9.751000404,1.533980846,7.798199177
9.755,9.758000374,1.533980846,7.811080456
9.761,9.765000343,1.533980846,7.823655605
9.768,9.770999908,3.067961693,7.835003853
9.774,9.777999878,1.533980846,7.84604454
9.78,9.784000397,1.533980846,7.858006001
9.786,9.789999962,1.533980846,7.868433952
9.792,9.795999527,0,7.879168034
9.798,9.80300045,3.067961693,7.889595985
9.804,9.807999611,1.533980846,7.901556969
9.81,9.81400013,1.533980846,7.911984444
9.815,9.819999695,1.533980846,7.919958115
9.819,9.824999809,3.067961693,7.927625656
9.823,9.829000473,1.533980846,7.934985638
9.827,9.833000183,1.533980846,7.942959785
9.832,9.836999893,1.533980846,7.95124054
9.836,9.840999603,1.533980846,7.961055279
9.841,9.845999718,1.533980846,7.970870495
9.847,9.850999832,3.067961693,7.982218742
9.853,9.857000351,1.533980846,7.9929533
9.858,9.862999916,3.067961693,8.002157211
9.863,9.869000435,1.533980846,8.011671066
9.868,9.873999596,0,8.020877838
9.874,9.878000259,1.533980846,8.032232285
9.88,9.883999825,1.533980846,8.043586731
9.886,9.890000343,3.067961693,8.054940224
9.892,9.895999908,1.533980846,8.065988541
9.898,9.902000427,1.533980846,8.07765007
9.904,9.907999992,1.533980846,8.089312553
9.91,9.913999557,1.533980846,8.100361824
9.916,9.920000076,1.533980846,8.111101151
9.922,9.925999641,3.067961693,8.122149467
9.928,9.93200016,3.067961693,8.133811951
9.933,9.937999725,1.533980846,8.142403603
9.938,9.94299984,1.533980846,8.150689125
9.943,9.947999954,1.533980846,8.160815239
9.948,9.953000069,1.533980846,8.170636177
9.953,9.958000183,1.533980846,8.179841995
9.958,9.963000298,0,8.190276146
9.964,9.968000412,1.533980846,8.201016426
9.97,9.973999977,1.533980846,8.212064743
9.976,9.979999542,3.067961693,8.223420143
9.982,9.986000061,3.067961693,8.234466553
9.987,9.991999626,1.533980846,8.243673325
9.992,9.996999741,1.533980846,8.253801346
10,0,1.533980846,8.272522926
