time,QEIdata.omega,QEIdata.theta,Voltage
0,0,0.004376255,24
0.001,0,0.004376255,24
0.002,0,0.004376255,24
0.003,0,0.004376255,24
0.004,0,0.004376255,24
0.005,0,0.004376255,24
0.006,0,0.004376255,24
0.007,0,0.004376255,24
0.008,0,0.004376255,24
0.009,0,0.004376255,24
0.01,-1.533980846,0.004069459,24
0.011,0,0.004376255,24
0.012,0,0.004376255,24
0.013,0,0.004376255,24
0.014,0,0.004376255,24
0.015,0,0.004376255,24
0.016,1.533980846,0.004683051,24
0.017,0,0.004989848,24
0.018,0,0.004989848,24
0.019,0,0.005296644,24
0.02,1.533980846,0.005910236,24
0.021,1.533980846,0.006830625,24
0.022,1.533980846,0.007751014,24
0.023,0,0.008364607,24
0.024,1.533980846,0.009898588,24
0.026,1.533980846,0.011739366,24
0.027,3.067961693,0.014500532,24
0.028,3.067961693,0.016954903,24
0.029,1.533980846,0.019102477,24
0.03,3.067961693,0.022170439,24
0.031,3.067961693,0.024931606,24
0.032,3.067961693,0.027999569,24
0.033,4.601942539,0.031681124,24
0.034,3.067961693,0.035055883,24
0.035,3.067961693,0.038737439,24
0.036,3.067961693,0.042418994,24
0.038,3.067961693,0.047941327,24
0.039,4.601942539,0.052236475,24
0.04,4.601942539,0.057145216,24
0.041,3.067961693,0.061440364,24
0.042,4.601942539,0.066962682,24
0.043,4.601942539,0.071564615,24
0.044,6.135923386,0.076166548,24
0.045,4.601942539,0.081382073,24
0.046,3.067961693,0.085677207,24
0.047,4.601942539,0.090892725,24
0.049,4.601942539,0.096415035,24
0.05,6.135923386,0.103778131,24
0.052,3.067961693,0.108993657,24
0.053,6.135923386,0.115129568,24
0.054,4.601942539,0.120651886,24
0.055,4.601942539,0.125560611,24
0.056,4.601942539,0.130469337,24
0.057,4.601942539,0.136298448,24
0.058,4.601942539,0.141513973,24
0.059,4.601942539,0.147036284,24
0.061,4.601942539,0.153172195,24
0.062,4.601942539,0.158080921,24
0.063,4.601942539,0.162989646,24
0.064,4.601942539,0.167898372,24
0.065,4.601942539,0.172500297,24
0.066,3.067961693,0.177409023,24
0.067,4.601942539,0.183238134,24
0.068,6.135923386,0.188146859,24
0.069,4.601942539,0.1918284,24
0.07,6.135923386,0.196737126,24
0.071,4.601942539,0.201339051,24
0.072,4.601942539,0.206247777,24
0.073,4.601942539,0.210849702,24
0.074,4.601942539,0.216372013,24
0.075,4.601942539,0.220973939,24
0.076,4.601942539,0.225575864,24
0.077,4.601942539,0.22987099,24
0.078,4.601942539,0.234166116,24
0.079,4.601942539,0.238461241,24
0.08,4.601942539,0.243676752,24
0.081,4.601942539,0.247971877,24
0.082,3.067961693,0.251960218,24
0.083,4.601942539,0.256562144,24
0.084,4.601942539,0.259936899,24
0.085,4.601942539,0.265152425,24
0.086,4.601942539,0.270061165,24
0.087,4.601942539,0.274356306,24
0.088,4.601942539,0.278651446,24
0.089,4.601942539,0.282946587,24
0.09,4.601942539,0.287241727,24
0.091,4.601942539,0.291536868,24
0.092,4.601942539,0.295832008,24
0.093,4.601942539,0.301047534,24
0.094,4.601942539,0.305342674,24
0.095,4.601942539,0.309637815,24
0.096,4.601942539,0.313932955,24
0.097,4.601942539,0.317307711,24
0.098,6.135923386,0.321909636,24
0.099,4.601942539,0.326204777,24
0.1,4.601942539,0.331727087,24
0.101,3.067961693,0.335715443,24
0.102,4.601942539,0.340317369,24
0.103,4.601942539,0.344919294,24
0.104,4.601942539,0.348600835,24
0.105,4.601942539,0.35320276,24
0.106,4.601942539,0.357804686,24
0.107,4.601942539,0.363326997,24
0.108,4.601942539,0.367928922,24
0.109,4.601942539,0.373758018,24
0.11,4.601942539,0.378359944,24
0.111,4.601942539,0.382348269,24
0.112,4.601942539,0.386950195,24
0.113,4.601942539,0.39155212,24
0.115,4.601942539,0.397381216,24
0.116,4.601942539,0.402289927,24
0.117,4.601942539,0.407198638,24
0.118,4.601942539,0.412107348,24
0.119,4.601942539,0.416709274,24
0.119,4.601942539,0.421004385,24
0.12,4.601942539,0.42560631,24
0.122,4.601942539,0.431742191,24
0.123,4.601942539,0.437571287,24
0.124,4.601942539,0.442479998,24
0.125,4.601942539,0.447388709,24
0.126,6.135923386,0.451377034,24
0.127,4.601942539,0.456899345,24
0.128,4.601942539,0.461808056,24
0.129,4.601942539,0.467637151,24
0.13,3.067961693,0.472239077,24
0.131,4.601942539,0.477147788,24
0.132,4.601942539,0.481749713,24
0.133,6.135923386,0.486658424,24
0.134,4.601942539,0.49126035,24
0.135,4.601942539,0.498009831,24
0.136,4.601942539,0.502611816,24
0.137,4.601942539,0.508441091,24
0.138,4.601942539,0.51212275,24
0.139,4.601942539,0.516724765,24
0.14,4.601942539,0.521633625,24
0.141,6.135923386,0.526542485,24
0.143,4.601942539,0.53175807,24
0.144,4.601942539,0.53666693,24
0.145,4.601942539,0.541269004,24
0.146,4.601942539,0.546791494,24
0.147,4.601942539,0.550473154,24
0.148,4.601942539,0.555075169,24
0.149,4.601942539,0.560290813,24
0.15,4.601942539,0.564892888,24
0.151,4.601942539,0.570415318,24
0.152,4.601942539,0.575017393,24
0.153,4.601942539,0.579619467,24
0.154,4.601942539,0.584221542,24
0.155,4.601942539,0.588823617,24
0.156,4.601942539,0.593425691,24
0.157,4.601942539,0.598948121,24
0.158,4.601942539,0.603550136,24
0.159,3.067961693,0.608152092,24
0.16,4.601942539,0.613060951,24
0.161,6.135923386,0.618890226,24
0.162,4.601942539,0.623185456,24
0.164,6.135923386,0.629014671,24
0.164,4.601942539,0.633616745,24
0.166,4.601942539,0.63821882,24
0.167,4.601942539,0.642820895,24
0.168,4.601942539,0.647729754,24
0.169,4.601942539,0.652331829,24
0.17,4.601942539,0.657240689,24
0.171,4.601942539,0.662763119,24
0.172,4.601942539,0.667365193,24
0.173,4.601942539,0.672274053,24
0.174,4.601942539,0.676876128,24
0.175,4.601942539,0.681478202,24
0.176,4.601942539,0.687307477,24
0.177,4.601942539,0.691909552,24
0.178,4.601942539,0.696818411,24
0.179,4.601942539,0.701113641,24
0.18,4.601942539,0.706022501,24
0.181,4.601942539,0.710624576,24
0.182,4.601942539,0.71522665,24
0.183,4.601942539,0.72013551,24
0.184,4.601942539,0.725658,24
0.185,4.601942539,0.730260015,24
0.186,4.601942539,0.734862089,24
0.187,4.601942539,0.739770949,24
0.188,4.601942539,0.744373024,24
0.189,4.601942539,0.748975098,24
0.19,4.601942539,0.753883958,24
0.191,4.601942539,0.759713233,24
0.192,4.601942539,0.764315307,24
0.193,4.601942539,0.769224167,24
0.194,4.601942539,0.773826182,24
0.195,4.601942539,0.778428257,24
0.196,6.135923386,0.782416701,24
0.197,4.601942539,0.787939191,24
0.198,4.601942539,0.792541265,24
0.199,4.601942539,0.797143281,24
0.2,4.601942539,0.80205214,24
0.201,4.601942539,0.806654215,24
0.202,6.135923386,0.811563015,24
0.203,4.601942539,0.81616509,24
0.204,4.601942539,0.821994364,24
0.206,4.601942539,0.826596379,24
0.207,4.601942539,0.831505239,24
0.208,4.601942539,0.836414099,24
0.209,3.067961693,0.841936529,24
0.21,4.601942539,0.847152174,24
0.211,4.601942539,0.851754248,24
0.212,4.601942539,0.857583523,24
0.213,4.601942539,0.862492383,24
0.214,6.135923386,0.867401242,24
0.215,4.601942539,0.872003257,24
0.216,6.135923386,0.876912117,24
0.217,4.601942539,0.880593777,24
0.218,4.601942539,0.886423051,24
0.219,6.135923386,0.893172741,24
0.22,4.601942539,0.897774756,24
0.221,4.601942539,0.903297186,24
0.222,4.601942539,0.907285631,24
0.223,6.135923386,0.91219449,24
0.224,4.601942539,0.916796505,24
0.226,6.135923386,0.923546135,24
0.227,4.601942539,0.929068625,24
0.228,4.601942539,0.934590995,24
0.229,6.135923386,0.939499855,24
0.23,4.601942539,0.94410193,24
0.231,4.601942539,0.948704004,24
0.232,4.601942539,0.954226494,24
0.233,6.135923386,0.959135294,24
0.234,4.601942539,0.964657784,24
0.236,3.067961693,0.969259799,24
0.237,3.067961693,0.973861814,24
0.238,4.601942539,0.978770673,24
0.239,4.601942539,0.983372748,24
0.24,4.601942539,0.989202023,24
0.241,4.601942539,0.993804097,24
0.242,4.601942539,0.998712957,24
0.243,3.067961693,1.003008127,24
0.244,4.601942539,1.007916927,24
0.245,4.601942539,1.012518883,24
0.246,4.601942539,1.018041253,24
0.247,3.067961693,1.023256898,24
0.248,4.601942539,1.028165698,24
0.249,4.601942539,1.033074498,24
0.25,4.601942539,1.037676454,24
0.251,4.601942539,1.042278528,24
0.252,6.135923386,1.047187328,24
0.253,3.067961693,1.052402973,24
0.254,6.135923386,1.058538914,24
0.256,4.601942539,1.063140869,24
0.257,4.601942539,1.067742944,24
0.258,4.601942539,1.072651744,24
0.259,6.135923386,1.077560544,24
0.26,4.601942539,1.084003448,24
0.261,4.601942539,1.089832664,24
0.262,6.135923386,1.094741344,24
0.263,4.601942539,1.0993433,24
0.264,4.601942539,1.104251981,24
0.265,6.135923386,1.109160781,24
0.266,6.135923386,1.113762736,24
0.267,4.601942539,1.120512366,24
0.269,4.601942539,1.125114322,24
0.27,4.601942539,1.130023122,24
0.271,3.067961693,1.134625077,24
0.272,4.601942539,1.139533758,24
0.273,4.601942539,1.144442558,24
0.274,4.601942539,1.150271773,24
0.275,4.601942539,1.155794144,24
0.276,4.601942539,1.160702944,24
0.277,6.135923386,1.165611744,24
0.278,4.601942539,1.170213819,24
0.279,4.601942539,1.174815893,24
0.28,6.135923386,1.179724574,24
0.281,4.601942539,1.185247064,24
0.282,4.601942539,1.190155864,24
0.283,4.601942539,1.194757938,24
0.284,3.067961693,1.199359894,24
0.285,4.601942539,1.20518899,24
0.286,4.601942539,1.209791064,24
0.287,6.135923386,1.214699864,24
0.289,6.135923386,1.220222116,24
0.29,4.601942539,1.225744486,24
0.291,4.601942539,1.23034656,24
0.292,4.601942539,1.235255361,24
0.293,4.601942539,1.239857435,24
0.294,4.601942539,1.24445951,24
0.295,4.601942539,1.249061584,24
0.296,4.601942539,1.253663659,24
0.297,4.601942539,1.258265734,24
0.298,6.135923386,1.263174534,24
0.299,4.601942539,1.266549349,24
0.3,4.601942539,1.271151423,24
0.301,4.601942539,1.275753379,24
0.302,6.135923386,1.281582475,24
0.303,4.601942539,1.286184549,24
0.304,4.601942539,1.290786624,24
0.305,4.601942539,1.295695424,24
0.306,4.601942539,1.300297499,24
0.307,4.601942539,1.304899573,24
0.308,4.601942539,1.309501529,24
0.309,3.067961693,1.315023899,24
0.31,4.601942539,1.320853114,24
0.311,4.601942539,1.325455189,24
0.312,4.601942539,1.330057144,24
0.313,3.067961693,1.3346591,24
0.314,4.601942539,1.339261174,24
0.315,4.601942539,1.344169974,24
0.316,4.601942539,1.3493855,24
0.317,3.067961693,1.353987455,24
0.318,3.067961693,1.358589292,24
0.319,6.135923386,1.363804817,24
0.32,4.601942539,1.368406773,24
0.321,4.601942539,1.373008728,24
0.322,4.601942539,1.378531098,24
0.324,3.067961693,1.383133054,24
0.325,6.135923386,1.388041615,24
0.326,6.135923386,1.393870831,24
0.327,3.067961693,1.39816606,24
0.328,4.601942539,1.403074741,24
0.329,4.601942539,1.407676697,24
0.33,4.601942539,1.413505912,24
0.331,4.601942539,1.417187572,24
0.332,4.601942539,1.421789646,24
0.333,4.601942539,1.426698446,24
0.334,3.067961693,1.430993676,24
0.335,6.135923386,1.436209083,24
0.336,4.601942539,1.441731453,24
0.337,4.601942539,1.446640253,24
0.338,6.135923386,1.452469468,24
0.339,4.601942539,1.457071543,24
0.34,4.601942539,1.462900758,24
0.341,6.135923386,1.467809439,24
0.342,4.601942539,1.472411513,24
0.343,4.601942539,1.478240728,24
0.345,4.601942539,1.482842803,24
0.346,4.601942539,1.488365293,24
0.347,4.601942539,1.493274093,24
0.348,4.601942539,1.498182893,24
0.349,6.135923386,1.503091693,24
0.35,4.601942539,1.507386804,24
0.351,4.601942539,1.513215899,24
0.352,4.601942539,1.517817855,24
0.353,6.135923386,1.522726536,24
0.354,6.135923386,1.527328491,24
0.355,6.135923386,1.532237291,24
0.356,6.135923386,1.537146091,24
0.357,6.135923386,1.541748047,24
0.358,4.601942539,1.547270536,24
0.359,6.135923386,1.552179337,24
0.36,4.601942539,1.557701826,24
0.361,4.601942539,1.562303901,24
0.362,4.601942539,1.56598556,24
0.363,4.601942539,1.570894361,24
0.364,4.601942539,1.575496197,24
0.365,4.601942539,1.581018686,24
0.366,6.135923386,1.585620642,24
0.367,4.601942539,1.589302182,24
0.368,4.601942539,1.594824672,24
0.369,4.601942539,1.598506331,24
0.37,6.135923386,1.603415132,24
0.371,4.601942539,1.609857798,24
0.372,4.601942539,1.614459872,24
0.374,4.601942539,1.619061828,24
0.374,4.601942539,1.623663902,24
0.376,4.601942539,1.628572702,24
0.377,3.067961693,1.632867932,24
0.378,4.601942539,1.637776732,24
0.379,4.601942539,1.643299103,24
0.38,4.601942539,1.647901177,24
0.381,4.601942539,1.652503252,24
0.382,4.601942539,1.657105327,24
0.383,6.135923386,1.662014008,24
0.384,4.601942539,1.666309237,24
0.385,4.601942539,1.671831608,24
0.386,3.067961693,1.676433563,24
0.387,6.135923386,1.681649089,24
0.388,4.601942539,1.685944319,24
0.389,3.067961693,1.690546274,24
0.39,6.135923386,1.695454955,24
0.391,4.601942539,1.70005703,24
0.392,4.601942539,1.704659104,24
0.393,4.601942539,1.70926106,24
0.394,4.601942539,1.713863134,24
0.395,4.601942539,1.718771935,24
0.396,4.601942539,1.723067164,24
0.397,4.601942539,1.727975965,24
0.398,3.067961693,1.732577801,24
0.399,4.601942539,1.738407016,24
0.4,4.601942539,1.743315816,24
0.401,4.601942539,1.748838067,24
0.402,4.601942539,1.753440142,24
0.403,4.601942539,1.758348942,24
0.404,4.601942539,1.762644053,24
0.405,3.067961693,1.768473148,24
0.407,4.601942539,1.773381948,24
0.408,4.601942539,1.778290749,24
0.409,4.601942539,1.782892704,24
0.41,4.601942539,1.788415074,24
0.411,4.601942539,1.793323874,24
0.412,6.135923386,1.798232675,24
0.413,6.135923386,1.802834511,24
0.414,4.601942539,1.808357,24
0.415,6.135923386,1.8132658,24
0.416,4.601942539,1.817867875,24
0.417,4.601942539,1.821549535,24
0.418,3.067961693,1.826151371,24
0.419,4.601942539,1.831980586,24
0.42,4.601942539,1.837503076,24
0.421,4.601942539,1.842411876,24
0.422,6.135923386,1.847320676,24
0.423,4.601942539,1.851615906,24
0.424,3.067961693,1.856217861,24
0.425,4.601942539,1.861126661,24
0.426,4.601942539,1.866955876,24
0.427,3.067961693,1.871250987,24
0.428,4.601942539,1.876159787,24
0.429,4.601942539,1.881989002,24
0.43,4.601942539,1.885363817,24
0.431,4.601942539,1.890272617,24
0.432,4.601942539,1.895794988,24
0.434,4.601942539,1.901624084,24
0.435,4.601942539,1.906226158,24
0.436,4.601942539,1.911134958,24
0.437,4.601942539,1.915737033,24
0.438,3.067961693,1.920338988,24
0.439,4.601942539,1.925247669,24
0.44,4.601942539,1.929849744,24
0.441,4.601942539,1.934758544,24
0.442,6.135923386,1.939360499,24
0.443,4.601942539,1.9442693,24
0.444,6.135923386,1.94979167,24
0.445,4.601942539,1.954393625,24
0.446,4.601942539,1.959915996,24
0.447,4.601942539,1.964517951,24
0.448,6.135923386,1.969426751,24
0.449,4.601942539,1.974949241,24
0.45,4.601942539,1.979551196,24
0.451,4.601942539,1.984153271,24
0.452,4.601942539,1.988755345,24
0.453,4.601942539,1.99335742,24
0.454,3.067961693,1.99887979,24
0.456,4.601942539,2.003788471,24
0.457,4.601942539,2.00838995,24
0.458,4.601942539,2.012991428,24
0.459,6.135923386,2.01789999,24
0.46,4.601942539,2.023422003,24
0.461,4.601942539,2.028023481,24
0.462,4.601942539,2.0338521,24
0.463,4.601942539,2.038453579,24
0.464,4.601942539,2.043055296,24
0.465,4.601942539,2.048883915,24
0.466,4.601942539,2.052565098,24
0.467,4.601942539,2.057166815,24
0.468,6.135923386,2.062075377,24
0.469,4.601942539,2.067597151,24
0.47,4.601942539,2.072505474,24
0.471,4.601942539,2.077106953,24
0.472,4.601942539,2.082015276,24
0.473,4.601942539,2.087843895,24
0.474,4.601942539,2.092445374,24
0.475,4.601942539,2.098274231,24
0.477,4.601942539,2.103796244,24
0.478,4.601942539,2.108704567,24
0.479,3.067961693,2.113306284,24
0.48,4.601942539,2.118214607,24
0.481,4.601942539,2.12189579,24
0.482,4.601942539,2.127724648,24
0.483,4.601942539,2.132326126,24
0.484,4.601942539,2.137848139,24
0.485,4.601942539,2.142756462,24
0.486,4.601942539,2.147357941,24
0.487,4.601942539,2.151959419,24
0.488,4.601942539,2.156867743,24
0.489,4.601942539,2.162696362,24
0.49,4.601942539,2.16729784,24
0.491,6.135923386,2.172206402,24
0.492,4.601942539,2.176808119,24
0.493,3.067961693,2.181410074,24
0.494,4.601942539,2.186011553,24
0.495,3.067961693,2.190920115,24
0.496,4.601942539,2.197362423,24
0.498,4.601942539,2.202270746,24
0.499,6.135923386,2.20717907,24
0.5,4.601942539,2.211473942,24
0.501,4.601942539,2.216382265,24
0.502,4.601942539,2.220983744,24
0.503,4.601942539,2.225585222,24
0.504,6.135923386,2.23141408,24
0.505,4.601942539,2.236015797,24
0.506,4.601942539,2.240617275,24
0.507,4.601942539,2.245218992,24
0.508,4.601942539,2.24920702,24
0.509,4.601942539,2.254728794,24
0.51,4.601942539,2.260250568,24
0.511,4.601942539,2.265158892,24
0.512,4.601942539,2.26976037,24
0.513,4.601942539,2.274361849,24
0.514,4.601942539,2.278963327,24
0.515,4.601942539,2.283564806,24
0.516,3.067961693,2.288166523,24
0.517,4.601942539,2.293995142,24
0.518,4.601942539,2.298596621,24
0.519,4.601942539,2.303198099,24
0.52,4.601942539,2.307492971,24
0.521,4.601942539,2.312401295,24
0.522,4.601942539,2.317002773,24
0.523,4.601942539,2.320683956,24
0.524,4.601942539,2.326206207,24
0.525,4.601942539,2.332035065,24
0.526,4.601942539,2.336636782,24
0.527,4.601942539,2.341545105,24
0.528,4.601942539,2.344919682,24
0.529,4.601942539,2.349828243,24
0.53,4.601942539,2.355350256,24
0.531,6.135923386,2.360258818,24
0.532,6.135923386,2.364860535,24
0.533,4.601942539,2.369462013,24
0.535,4.601942539,2.374984026,24
0.536,4.601942539,2.379585743,24
0.537,6.135923386,2.384800911,24
0.538,6.135923386,2.390322924,24
0.539,4.601942539,2.394924402,24
0.54,6.135923386,2.401059866,24
0.541,4.601942539,2.404741049,24
0.542,4.601942539,2.410262823,24
0.543,4.601942539,2.414250851,24
0.544,6.135923386,2.419159174,24
0.545,4.601942539,2.424680948,24
0.546,4.601942539,2.429282665,24
0.547,4.601942539,2.435111523,24
0.548,4.601942539,2.439713001,24
0.549,4.601942539,2.444621325,24
0.55,4.601942539,2.449223042,24
0.551,4.601942539,2.45382452,24
0.552,3.067961693,2.459346771,24
0.553,4.601942539,2.46517539,24
0.555,4.601942539,2.470083714,24
0.556,4.601942539,2.474992037,24
0.557,4.601942539,2.480513811,24
0.558,4.601942539,2.484194994,24
0.559,6.135923386,2.490330458,24
0.56,4.601942539,2.49585247,24
0.561,3.067961693,2.501067638,24
0.562,4.601942539,2.505975962,24
0.563,4.601942539,2.510577679,24
0.564,4.601942539,2.515179634,24
0.565,4.601942539,2.521008253,24
0.566,4.601942539,2.525916576,24
0.567,4.601942539,2.530518055,24
0.568,4.601942539,2.535119534,24
0.569,4.601942539,2.540027857,24
0.57,3.067961693,2.544322729,24
0.571,4.601942539,2.548310757,24
0.572,4.601942539,2.555059671,24
0.574,4.601942539,2.55966115,24
0.575,6.135923386,2.564569473,24
0.576,4.601942539,2.568864346,24
0.577,4.601942539,2.574692965,24
0.578,4.601942539,2.578067541,24
0.579,4.601942539,2.582975864,24
0.58,4.601942539,2.588497639,24
0.581,4.601942539,2.593099117,24
0.582,4.601942539,2.597700596,24
0.583,4.601942539,2.602302313,24
0.584,4.601942539,2.605983496,24
0.585,4.601942539,2.611812115,24
0.586,4.601942539,2.617948055,24
0.587,6.135923386,2.623776913,24
0.588,6.135923386,2.62837863,24
0.589,4.601942539,2.632059813,24
0.59,4.601942539,2.63666153,24
0.591,4.601942539,2.641569853,24
0.592,4.601942539,2.646171331,24
0.593,4.601942539,2.65077281,24
0.594,6.135923386,2.655681133,24
0.595,4.601942539,2.659976006,24
0.596,6.135923386,2.664884567,24
0.597,4.601942539,2.670099974,24
0.598,4.601942539,2.674088001,24
0.599,4.601942539,2.67868948,24
0.6,4.601942539,2.684518099,24
0.601,4.601942539,2.689119816,24
0.602,4.601942539,2.694028139,24
0.603,4.601942539,2.698629856,24
0.604,4.601942539,2.703231335,24
0.605,4.601942539,2.707832813,24
0.606,6.135923386,2.712127686,24
0.607,4.601942539,2.717343092,24
0.608,4.601942539,2.722251415,24
0.61,4.601942539,2.728080273,24
0.611,4.601942539,2.732681751,24
0.612,4.601942539,2.737590075,24
0.613,4.601942539,2.742191792,24
0.614,3.067961693,2.746793509,24
0.615,4.601942539,2.751701832,24
0.616,6.135923386,2.756610394,24
0.617,4.601942539,2.761212111,24
0.618,4.601942539,2.765813589,24
0.618,4.601942539,2.770721912,24
0.62,4.601942539,2.775323629,24
0.621,3.067961693,2.779925346,24
0.622,4.601942539,2.785753965,24
0.623,4.601942539,2.790662289,24
0.624,4.601942539,2.795263767,24
0.625,4.601942539,2.799865484,24
0.626,4.601942539,2.805694342,24
0.627,4.601942539,2.81029582,24
0.628,3.067961693,2.814897537,24
0.629,4.601942539,2.819806099,24
0.63,4.601942539,2.825327873,24
0.631,4.601942539,2.829009056,24
0.632,4.601942539,2.833610535,24
0.633,4.601942539,2.838518858,24
0.634,4.601942539,2.844040632,24
0.635,4.601942539,2.849562645,24
0.636,6.135923386,2.854470968,24
0.637,4.601942539,2.858766079,24
0.638,4.601942539,2.863367558,24
0.639,4.601942539,2.868275881,24
0.64,4.601942539,2.872877359,24
0.641,4.601942539,2.877478838,24
0.642,6.135923386,2.882387161,24
0.643,4.601942539,2.887908936,24
0.645,4.601942539,2.892510653,24
0.646,6.135923386,2.897418976,24
0.647,4.601942539,2.901713848,24
0.648,4.601942539,2.906315565,24
0.649,4.601942539,2.912144423,24
0.65,4.601942539,2.916439295,24
0.651,4.601942539,2.921041012,24
0.652,4.601942539,2.92564249,24
0.653,4.601942539,2.930550814,24
0.654,4.601942539,2.935152292,24
0.655,4.601942539,2.939753771,24
0.656,4.601942539,2.944355488,24
0.657,4.601942539,2.948956966,24
0.658,4.601942539,2.953558683,24
0.659,4.601942539,2.959387302,24
0.66,4.601942539,2.963988781,24
0.661,4.601942539,2.96859026,24
0.662,4.601942539,2.973498583,24
0.663,4.601942539,2.978713751,24
0.664,4.601942539,2.983315468,24
0.665,4.601942539,2.987917185,24
0.666,4.601942539,2.992825508,24
0.667,4.601942539,2.997427225,24
0.668,4.601942539,3.002335787,24
0.669,4.601942539,3.006937265,24
0.67,6.135923386,3.012766123,24
0.671,4.601942539,3.017367601,24
0.672,4.601942539,3.021355629,24
0.673,4.601942539,3.025957346,24
0.674,6.135923386,3.030865669,24
0.675,4.601942539,3.035467148,24
0.676,4.601942539,3.042216063,24
0.678,4.601942539,3.04681778,24
0.679,4.601942539,3.051726103,24
0.68,4.601942539,3.056634426,24
0.681,4.601942539,3.061235905,24
0.682,4.601942539,3.065837622,24
0.683,6.135923386,3.070746422,24
0.684,4.601942539,3.076268435,24
0.685,4.601942539,3.081176758,24
0.686,3.067961693,3.085778475,24
0.687,4.601942539,3.090993643,24
0.688,4.601942539,3.094675064,24
0.689,4.601942539,3.099276543,24
0.69,4.601942539,3.104184866,24
0.691,6.135923386,3.110013485,24
0.692,4.601942539,3.114614964,24
0.693,6.135923386,3.119523287,24
0.694,4.601942539,3.12320447,24
0.695,4.601942539,3.128112793,24
0.696,4.601942539,3.13271451,24
0.697,4.601942539,3.137315989,24
0.697,6.135923386,3.142224312,24
0.699,3.067961693,3.14743948,24
0.7,4.601942539,3.152347803,24
0.701,4.601942539,3.15694952,24
0.702,4.601942539,3.160630703,24
0.703,6.135923386,3.165539265,24
0.704,4.601942539,3.170140982,24
0.705,4.601942539,3.176583052,24
0.706,4.601942539,3.18118453,24
0.707,4.601942539,3.186092854,24
0.708,4.601942539,3.191614866,24
0.709,4.601942539,3.195296049,24
0.71,3.067961693,3.199897766,24
0.711,4.601942539,3.205419779,24
0.712,3.067961693,3.210941792,24
0.713,4.601942539,3.215850115,24
0.714,3.067961693,3.220451832,24
0.715,4.601942539,3.22505331,24
0.716,4.601942539,3.229654789,24
0.717,4.601942539,3.233335972,24
0.718,4.601942539,3.238857746,24
0.719,4.601942539,3.243459463,24
0.72,4.601942539,3.248367786,24
0.721,4.601942539,3.252969503,24
0.722,4.601942539,3.257264376,24
0.723,4.601942539,3.262479544,24
0.724,4.601942539,3.266774416,24
0.725,4.601942539,3.271375895,24
0.727,4.601942539,3.277204514,24
0.728,4.601942539,3.281805992,24
0.729,4.601942539,3.287327766,24
0.73,4.601942539,3.291929245,24
0.731,3.067961693,3.296530962,24
0.732,4.601942539,3.301439285,24
0.733,4.601942539,3.306961298,24
0.734,4.601942539,3.311563015,24
0.735,4.601942539,3.316164732,24
0.736,4.601942539,3.32015276,24
0.737,4.601942539,3.325674772,24
0.738,4.601942539,3.330276251,24
0.739,4.601942539,3.335184574,24
0.74,4.601942539,3.339786053,24
0.741,4.601942539,3.344694376,24
0.742,4.601942539,3.349295855,24
0.743,4.601942539,3.353897333,24
0.744,4.601942539,3.358805656,24
0.745,4.601942539,3.36371398,24
0.746,3.067961693,3.370156288,24
0.747,3.067961693,3.374758005,24
0.748,4.601942539,3.379666328,24
0.749,4.601942539,3.384267807,24
0.751,3.067961693,3.38978982,24
0.752,4.601942539,3.394698143,24
0.753,4.601942539,3.400527,24
0.754,4.601942539,3.405128717,24
0.755,6.135923386,3.410037041,24
0.756,4.601942539,3.414331913,24
0.757,6.135923386,3.419240236,24
0.758,4.601942539,3.423841715,24
0.759,4.601942539,3.429670334,24
0.76,4.601942539,3.434272051,24
0.761,4.601942539,3.438873768,24
0.762,6.135923386,3.443782091,24
0.763,4.601942539,3.44838357,24
0.764,4.601942539,3.452985287,24
0.765,4.601942539,3.457586765,24
0.766,4.601942539,3.462188244,24
0.767,4.601942539,3.467096806,24
0.768,4.601942539,3.471698284,24
0.769,4.601942539,3.476299763,24
0.77,4.601942539,3.48090148,24
0.771,4.601942539,3.485502958,24
0.772,4.601942539,3.489184141,24
0.773,4.601942539,3.493785858,24
0.774,4.601942539,3.499614477,24
0.775,6.135923386,3.503295898,24
0.776,4.601942539,3.508817673,24
0.777,3.067961693,3.514033079,24
0.778,4.601942539,3.518941402,24
0.779,3.067961693,3.523543119,24
0.78,4.601942539,3.528144836,24
0.781,6.135923386,3.532132864,24
0.782,4.601942539,3.537348032,24
0.783,4.601942539,3.542256355,24
0.784,4.601942539,3.546858072,24
0.785,4.601942539,3.551152945,24
0.786,4.601942539,3.555754662,24
0.787,6.135923386,3.560663223,24
0.788,4.601942539,3.564344406,24
0.789,4.601942539,3.568945885,24
0.79,4.601942539,3.574774742,24
0.791,4.601942539,3.578455925,24
0.792,4.601942539,3.583057404,24
0.793,4.601942539,3.587658882,24
0.794,3.067961693,3.592260599,24
0.795,3.067961693,3.596248865,24
0.796,4.601942539,3.600850344,24
0.797,6.135923386,3.605758667,24
0.798,4.601942539,3.610053539,24
0.799,4.601942539,3.614961863,24
0.8,4.601942539,3.619563341,24
0.801,6.135923386,3.624471664,24
0.802,4.601942539,3.62907362,24
0.803,4.601942539,3.633675098,24
0.804,6.135923386,3.637663364,24
0.805,4.601942539,3.642264843,24
0.806,4.601942539,3.648093462,24
0.807,4.601942539,3.652388334,24
0.808,6.135923386,3.657603502,24
0.809,6.135923386,3.662205219,24
0.81,4.601942539,3.665886402,24
0.811,4.601942539,3.670794725,24
0.812,4.601942539,3.675396442,24
0.813,4.601942539,3.679998159,24
0.814,4.601942539,3.684906483,24
0.815,6.135923386,3.689815044,24
0.816,4.601942539,3.694416523,24
0.817,6.135923386,3.699324846,24
0.818,4.601942539,3.703619719,24
0.818,4.601942539,3.707607746,24
0.819,4.601942539,3.712516069,24
0.82,4.601942539,3.717117548,24
0.821,4.601942539,3.721719027,24
0.822,4.601942539,3.72662735,24
0.823,6.135923386,3.730615377,24
0.824,4.601942539,3.735216856,24
0.825,4.601942539,3.740125179,24
0.826,4.601942539,3.745646954,24
0.827,4.601942539,3.750555277,24
0.828,3.067961693,3.755156994,24
0.83,4.601942539,3.760985613,24
0.831,4.601942539,3.765587091,24
0.831,4.601942539,3.769268274,24
0.832,4.601942539,3.774176598,24
0.833,6.135923386,3.778778315,24
0.834,4.601942539,3.783380032,24
0.835,4.601942539,3.787061453,24
0.836,6.135923386,3.79289031,24
0.837,4.601942539,3.797492027,24
0.838,4.601942539,3.802093506,24
0.839,4.601942539,3.807922125,24
0.841,6.135923386,3.812830448,24
0.842,4.601942539,3.81712532,24
0.842,3.067961693,3.821727037,24
0.844,3.067961693,3.826328754,24
0.844,3.067961693,3.830930471,24
0.846,4.601942539,3.836145639,24
0.847,4.601942539,3.842587948,24
0.848,4.601942539,3.847189426,24
0.849,6.135923386,3.85209775,24
0.85,4.601942539,3.857312918,24
0.851,6.135923386,3.862221241,24
0.852,4.601942539,3.866822958,24
0.853,4.601942539,3.872344732,24
0.855,6.135923386,3.87817359,24
0.856,4.601942539,3.8824687,24
0.857,4.601942539,3.887377024,24
0.858,4.601942539,3.891978502,24
0.859,4.601942539,3.896579981,24
0.86,4.601942539,3.901488304,24
0.861,4.601942539,3.906703472,24
0.862,4.601942539,3.911611795,24
0.863,3.067961693,3.915906668,24
0.864,4.601942539,3.919588089,24
0.865,4.601942539,3.924496651,24
0.866,4.601942539,3.929098368,24
0.867,6.135923386,3.933700085,24
0.868,3.067961693,3.937994957,24
0.869,3.067961693,3.942596674,24
0.87,4.601942539,3.947504997,24
0.871,4.601942539,3.951186419,24
0.871,4.601942539,3.955788136,24
0.872,4.601942539,3.960696459,24
0.873,6.135923386,3.965605021,24
0.874,4.601942539,3.969899893,24
0.875,6.135923386,3.97388792,24
0.876,4.601942539,3.980330229,24
0.878,4.601942539,3.984931946,24
0.879,4.601942539,3.989840269,24
0.88,4.601942539,3.994441748,24
0.881,4.601942539,3.999043226,24
0.882,3.067961693,4.00364542,24
0.883,6.135923386,4.009474754,24
0.884,4.601942539,4.013769627,24
0.885,4.601942539,4.019598484,24
0.886,4.601942539,4.024199963,24
0.887,4.601942539,4.028188229,24
0.888,4.601942539,4.032790661,24
0.889,4.601942539,4.037392616,24
0.89,4.601942539,4.042301655,24
0.891,4.601942539,4.046597004,24
0.892,4.601942539,4.051505566,24
0.893,4.601942539,4.055493832,24
0.894,4.601942539,4.06009531,24
0.895,4.601942539,4.065003872,24
0.896,4.601942539,4.069605827,24
0.897,4.601942539,4.074207306,24
0.898,6.135923386,4.078809261,24
0.899,3.067961693,4.083411217,24
0.9,4.601942539,4.088319778,24
0.901,4.601942539,4.092921734,24
0.902,4.601942539,4.097523689,24
0.903,4.601942539,4.102432251,24
0.904,4.601942539,4.10703373,24
0.905,4.601942539,4.111635685,24
0.906,4.601942539,4.115316868,24
0.906,4.601942539,4.119918346,24
0.907,1.533980846,4.123906612,24
0.908,4.601942539,4.129122257,24
0.909,3.067961693,4.134031296,24
0.91,4.601942539,4.138633251,24
0.912,4.601942539,4.144462109,24
0.912,4.601942539,4.149063587,24
0.914,4.601942539,4.153972149,24
0.914,4.601942539,4.157653332,24
0.915,4.601942539,4.16225481,24
0.916,3.067961693,4.166856766,24
0.917,4.601942539,4.170845032,24
0.918,4.601942539,4.17544651,24
0.919,4.601942539,4.180048466,24
0.92,6.135923386,4.184957027,24
0.921,6.135923386,4.189558983,24
0.922,4.601942539,4.193240166,24
0.923,4.601942539,4.197841644,24
0.924,4.601942539,4.202443123,24
0.925,4.601942539,4.207351685,24
0.926,4.601942539,4.212873459,24
0.927,6.135923386,4.217782021,24
0.928,4.601942539,4.222383976,24
0.929,3.067961693,4.226678848,24
0.93,4.601942539,4.232508183,24
0.931,4.601942539,4.238029957,24
0.933,4.601942539,4.243551731,24
0.934,4.601942539,4.248460293,24
0.935,4.601942539,4.253982067,24
0.936,4.601942539,4.258583546,24
0.937,6.135923386,4.263493061,24
0.938,4.601942539,4.268095016,24
0.939,4.601942539,4.272696495,24
0.94,4.601942539,4.27729845,24
0.941,4.601942539,4.282207012,24
0.942,4.601942539,4.286808491,24
0.943,4.601942539,4.291717052,24
0.944,4.601942539,4.296318531,24
0.945,3.067961693,4.300920486,24
0.946,4.601942539,4.305829048,24
0.947,1.533980846,4.309816837,24
0.948,4.601942539,4.315952778,24
0.949,4.601942539,4.32086134,24
0.95,4.601942539,4.326383114,24
0.952,4.601942539,4.332211971,24
0.953,4.601942539,4.33681345,24
0.954,3.067961693,4.341415405,24
0.955,4.601942539,4.346324444,24
0.956,4.601942539,4.352153301,24
0.957,6.135923386,4.356141567,24
0.958,6.135923386,4.361663818,24
0.959,4.601942539,4.36657238,24
0.96,4.601942539,4.371173859,24
0.961,4.601942539,4.37608242,24
0.962,4.601942539,4.381911278,24
0.963,4.601942539,4.386512756,24
0.964,4.601942539,4.390193939,24
0.965,4.601942539,4.395102501,24
0.966,4.601942539,4.398783684,24
0.967,4.601942539,4.403385639,24
0.968,4.601942539,4.408294201,24
0.968,4.601942539,4.411975384,24
0.969,4.601942539,4.416577339,24
0.97,4.601942539,4.420565605,24
0.971,4.601942539,4.425167084,24
0.972,4.601942539,4.42915535,24
0.973,3.067961693,4.433757305,24
0.974,4.601942539,4.437745571,24
0.975,4.601942539,4.443267345,24
0.976,6.135923386,4.448175907,24
0.977,6.135923386,4.452777863,24
0.978,6.135923386,4.457686424,24
0.979,3.067961693,4.461981773,24
0.98,4.601942539,4.466890335,24
0.981,4.601942539,4.471491814,24
0.982,4.601942539,4.477013588,24
0.983,6.135923386,4.48192215,24
0.984,4.601942539,4.485296726,24
0.985,4.601942539,4.490511894,24
0.986,4.601942539,4.49450016,24
0.987,4.601942539,4.499102116,24
0.989,4.601942539,4.507384777,24
0.99,4.601942539,4.511986256,24
0.991,6.135923386,4.516895294,24
0.992,4.601942539,4.520576477,24
0.993,4.601942539,4.525177956,24
0.994,3.067961693,4.528859615,24
0.994,4.601942539,4.533461094,24
0.995,6.135923386,4.538370132,24
0.996,4.601942539,4.542665482,24
0.997,4.601942539,4.546653748,24
0.998,4.601942539,4.55094862,24
0.999,4.601942539,4.555550098,24
1,4.601942539,4.56045866,24
1.001,4.601942539,4.56414032,24
1.002,3.067961693,4.568435192,24
1.003,4.601942539,4.573343754,24
1.004,3.067961693,4.576718807,24
1.005,4.601942539,4.581627369,24
1.006,4.601942539,4.586229324,24
1.007,4.601942539,4.589910507,24
1.008,6.135923386,4.594819069,24
1.008,4.601942539,4.598500252,24
1.009,6.135923386,4.603408813,24
1.01,4.601942539,4.607703686,24
1.011,4.601942539,4.612612247,24
1.012,4.601942539,4.61629343,24
1.013,6.135923386,4.621202469,24
1.014,4.601942539,4.624883652,24
1.015,4.601942539,4.62948513,24
1.016,4.601942539,4.633473396,24
1.017,4.601942539,4.638075352,24
1.018,4.601942539,4.642983913,24
1.019,4.601942539,4.646665573,24
1.02,4.601942539,4.651267529,24
1.02,4.601942539,4.655255795,24
1.021,4.601942539,4.65985775,24
1.022,4.601942539,4.664766312,24
1.023,4.601942539,4.66936779,24
1.024,4.601942539,4.673969746,24
1.025,4.601942539,4.67918539,24
1.026,6.135923386,4.68286705,24
1.027,4.601942539,4.687468529,24
1.028,4.601942539,4.69237709,24
1.029,4.601942539,4.696058273,24
1.03,4.601942539,4.700966835,24
1.031,4.601942539,4.705568314,24
1.032,6.135923386,4.710477352,24
1.033,6.135923386,4.714159012,24
1.034,4.601942539,4.71876049,24
1.035,3.067961693,4.723362446,24
1.036,6.135923386,4.727350712,24
1.037,4.601942539,4.73195219,24
1.038,4.601942539,4.736553669,24
1.039,6.135923386,4.741462231,24
1.04,4.601942539,4.746063709,24
1.041,4.601942539,4.750051975,24
1.041,4.601942539,4.754346848,24
1.042,4.601942539,4.759255409,24
1.043,4.601942539,4.762936592,24
1.044,4.601942539,4.768458366,24
1.045,3.067961693,4.773060322,24
1.046,6.135923386,4.777968884,24
1.047,6.135923386,4.782877445,24
1.048,4.601942539,4.786252022,24
1.049,4.601942539,4.7908535,24
1.05,4.601942539,4.794534683,24
1.051,4.601942539,4.800056934,24
1.052,6.135923386,4.804965496,24
1.053,4.601942539,4.808647156,24
1.054,4.601942539,4.812942028,24
1.055,4.601942539,4.81785059,24
1.056,4.601942539,4.821531773,24
1.057,4.601942539,4.826133251,24
1.058,3.067961693,4.829201221,24
1.059,4.601942539,4.835644245,24
1.06,4.601942539,4.839325428,24
1.061,4.601942539,4.843926907,24
1.062,3.067961693,4.847608566,24
1.062,3.067961693,4.852210522,24
1.063,4.601942539,4.85711956,24
1.064,4.601942539,4.86080122,24
1.065,6.135923386,4.865709782,24
1.066,4.601942539,4.870312214,24
1.067,3.067961693,4.874607086,24
1.068,4.601942539,4.879515648,24
1.069,4.601942539,4.883196831,24
1.07,4.601942539,4.887798309,24
1.071,4.601942539,4.891786575,24
1.072,4.601942539,4.896388054,24
1.073,4.601942539,4.900989532,24
1.074,3.067961693,4.904671192,24
1.075,4.601942539,4.909579754,24
1.076,4.601942539,4.913260937,24
1.076,4.601942539,4.918169975,24
1.077,4.601942539,4.923078537,24
1.078,4.601942539,4.92675972,24
1.079,4.601942539,4.931361198,24
1.08,4.601942539,4.93626976,24
1.081,4.601942539,4.940871239,24
1.082,6.135923386,4.944859505,24
1.083,4.601942539,4.94946146,24
1.084,4.601942539,4.954062939,24
1.085,4.601942539,4.958664894,24
1.086,4.601942539,4.963573456,24
1.087,4.601942539,4.968174934,24
1.088,4.601942539,4.9721632,24
1.09,4.601942539,4.980752945,24
1.091,6.135923386,4.985661507,24
1.092,4.601942539,4.990263462,24
1.092,4.601942539,4.994251728,24
1.093,4.601942539,4.998853207,24
1.094,4.601942539,5.003454685,24
1.095,4.601942539,5.008363247,24
1.096,4.601942539,5.01204443,24
1.097,3.067961693,5.016646385,24
1.098,6.135923386,5.020635128,24
1.099,4.601942539,5.025236607,24
1.1,4.601942539,5.028918266,24
1.101,6.135923386,5.033827305,24
1.102,4.601942539,5.037508488,24
1.103,4.601942539,5.042109966,24
1.104,4.601942539,5.047018528,24
1.104,4.601942539,5.050699711,24
1.105,4.601942539,5.055301189,24
1.106,4.601942539,5.059289455,24
1.107,4.601942539,5.063890934,24
1.108,4.601942539,5.068799496,24
1.109,4.601942539,5.072174072,24
1.11,4.601942539,5.077082634,24
1.111,3.067961693,5.080457211,24
1.112,3.067961693,5.085059166,24
1.113,4.601942539,5.089967728,24
1.114,4.601942539,5.093648911,24
1.115,4.601942539,5.098250866,24
1.116,3.067961693,5.102852821,24
1.116,4.601942539,5.106534004,24
1.117,4.601942539,5.111135483,24
1.118,4.601942539,5.115123749,24
1.119,4.601942539,5.119418621,24
1.12,4.601942539,5.123406887,24
1.121,3.067961693,5.126781464,24
1.122,4.601942539,5.131383419,24
1.123,4.601942539,5.135371685,24
1.124,4.601942539,5.139973164,24
1.124,4.601942539,5.14396143,24
1.125,4.601942539,5.148562908,24
1.126,4.601942539,5.153164864,24
1.127,4.601942539,5.156846523,24
1.128,4.601942539,5.161755085,24
1.129,4.601942539,5.166356564,24
1.13,4.601942539,5.170958519,24
1.131,4.601942539,5.175867081,24
1.132,4.601942539,5.179241657,24
1.133,6.135923386,5.184457302,24
1.134,4.601942539,5.187832355,24
1.135,4.601942539,5.19335413,24
1.136,4.601942539,5.198262691,24
1.137,4.601942539,5.202558041,24
1.138,3.067961693,5.2062397,24
1.139,4.601942539,5.211148262,24
1.14,4.601942539,5.214829445,24
1.141,4.601942539,5.219738483,24
1.142,4.601942539,5.224033833,24
1.143,6.135923386,5.229249954,24
1.143,4.601942539,5.232931614,24
1.144,4.601942539,5.237533569,24
1.145,4.601942539,5.242135525,24
1.147,4.601942539,5.247964382,24
1.148,4.601942539,5.25379324,24
1.149,6.135923386,5.259622574,24
1.15,4.601942539,5.264838219,24
1.151,4.601942539,5.26974678,24
1.152,1.533980846,5.27373457,24
1.153,4.601942539,5.277722836,24
1.154,4.601942539,5.28293848,24
1.155,4.601942539,5.286619663,24
1.156,4.601942539,5.291528225,24
1.157,4.601942539,5.296436787,24
1.158,4.601942539,5.30011797,24
1.159,4.601942539,5.305946827,24
1.16,4.601942539,5.310548306,24
1.161,4.601942539,5.315456867,24
1.162,4.601942539,5.31913805,24
1.163,4.601942539,5.324046612,24
1.163,6.135923386,5.327728271,24
1.164,4.601942539,5.332636833,24
1.165,6.135923386,5.336318493,24
1.166,4.601942539,5.339999676,24
1.167,4.601942539,5.344601631,24
1.168,4.601942539,5.348589897,24
1.169,4.601942539,5.353191376,24
1.17,6.135923386,5.358099937,24
1.171,4.601942539,5.361474514,24
1.172,4.601942539,5.366383076,24
1.173,4.601942539,5.370985031,24
1.173,4.601942539,5.374973297,24
1.174,4.601942539,5.379574776,24
1.175,4.601942539,5.383255959,24
1.176,4.601942539,5.389084816,24
1.177,4.601942539,5.393686295,24
1.178,6.135923386,5.397674561,24
1.179,4.601942539,5.402276516,24
1.18,4.601942539,5.405651093,24
1.181,4.601942539,5.410559654,24
1.182,3.067961693,5.414241314,24
1.183,4.601942539,5.418842793,24
1.184,4.601942539,5.422523975,24
1.185,6.135923386,5.427432537,24
1.186,4.601942539,5.432034016,24
1.186,6.135923386,5.435715675,24
1.187,3.067961693,5.440317631,24
1.188,4.601942539,5.444919109,24
1.189,6.135923386,5.449827671,24
1.19,3.067961693,5.454122543,24
1.191,4.601942539,5.459031105,24
1.192,4.601942539,5.463632584,24
1.193,6.135923386,5.468541622,24
1.194,4.601942539,5.473143578,24
1.195,4.601942539,5.477745056,24
1.196,4.601942539,5.482346535,24
1.197,4.601942539,5.487255096,24
1.198,4.601942539,5.491857052,24
1.199,4.601942539,5.495231628,24
1.2,4.601942539,5.499833584,24
1.201,3.067961693,5.504436016,24
1.202,4.601942539,5.51026535,24
1.203,4.601942539,5.51394701,24
1.204,4.601942539,5.519468784,24
1.205,4.601942539,5.524377346,24
1.206,4.601942539,5.528672218,24
1.207,6.135923386,5.533887863,24
1.208,6.135923386,5.538183212,24
1.209,4.601942539,5.543091774,24
1.21,4.601942539,5.547693729,24
1.211,4.601942539,5.552602291,24
1.212,4.601942539,5.557204247,24
1.213,6.135923386,5.561192513,24
1.214,4.601942539,5.565794468,24
1.215,4.601942539,5.570396423,24
1.216,4.601942539,5.574998856,24
1.217,4.601942539,5.579600334,24
1.218,4.601942539,5.584508896,24
1.219,4.601942539,5.589110374,24
1.22,4.601942539,5.594018936,24
1.221,6.135923386,5.598621368,24
1.222,4.601942539,5.604143143,24
1.223,4.601942539,5.607824326,24
1.224,4.601942539,5.612732887,24
1.225,6.135923386,5.618561745,24
1.227,4.601942539,5.625004292,24
1.228,6.135923386,5.62991333,24
1.229,4.601942539,5.634514809,24
1.23,4.601942539,5.639116764,24
1.231,4.601942539,5.644025326,24
1.232,4.601942539,5.649547577,24
1.233,4.601942539,5.654149055,24
1.234,4.601942539,5.659977913,24
1.235,4.601942539,5.664579391,24
1.236,6.135923386,5.670408249,24
1.237,6.135923386,5.675010204,24
1.238,4.601942539,5.678691864,24
1.239,4.601942539,5.684520721,24
1.24,4.601942539,5.6891222,24
1.241,4.601942539,5.693723679,24
1.242,6.135923386,5.698632717,24
1.243,4.601942539,5.703234196,24
1.245,4.601942539,5.70875597,24
1.246,4.601942539,5.713357449,24
1.247,4.601942539,5.717959404,24
1.248,4.601942539,5.722867966,24
1.249,4.601942539,5.727469444,24
1.25,4.601942539,5.7320714,24
1.251,4.601942539,5.736673355,24
1.252,4.601942539,5.742196083,24
1.253,4.601942539,5.747104645,24
1.254,4.601942539,5.752626419,24
1.255,4.601942539,5.757227898,24
1.256,4.601942539,5.761829376,24
1.257,4.601942539,5.766431332,24
1.258,4.601942539,5.771339893,24
1.259,4.601942539,5.776861668,24
1.26,4.601942539,5.781463146,24
1.261,3.067961693,5.786065102,24
1.262,4.601942539,5.790973663,24
1.263,3.067961693,5.794654846,24
1.264,4.601942539,5.800177097,24
1.265,3.067961693,5.804779053,24
1.266,4.601942539,5.809687614,24
1.267,4.601942539,5.813982964,24
1.268,4.601942539,5.818891525,24
1.269,4.601942539,5.823493481,24
1.27,4.601942539,5.828402042,24
1.271,4.601942539,5.833003521,24
1.272,4.601942539,5.837605,24
1.273,4.601942539,5.842513561,24
1.274,4.601942539,5.84711504,24
1.275,6.135923386,5.852024078,24
1.276,4.601942539,5.856626034,24
1.277,6.135923386,5.862454891,24
1.278,3.067961693,5.866749763,24
1.279,3.067961693,5.872579098,24
1.28,4.601942539,5.877487659,24
1.282,4.601942539,5.882396698,24
1.282,3.067961693,5.88669157,24
1.283,4.601942539,5.890680313,24
1.284,6.135923386,5.895588875,24
1.285,4.601942539,5.90019083,24
1.286,4.601942539,5.904792309,24
1.287,4.601942539,5.909393787,24
1.288,4.601942539,5.914302349,24
1.289,6.135923386,5.920131207,24
1.29,4.601942539,5.924733162,24
1.291,4.601942539,5.928414345,24
1.292,4.601942539,5.933322906,24
1.293,4.601942539,5.937924385,24
1.294,4.601942539,5.942832947,24
1.295,4.601942539,5.947434425,24
1.296,4.601942539,5.952342987,24
1.297,4.601942539,5.956944466,24
1.298,4.601942539,5.960932732,24
1.299,4.601942539,5.96553421,24
1.3,4.601942539,5.970136166,24
1.301,4.601942539,5.975044727,24
1.302,4.601942539,5.979953289,24
1.303,4.601942539,5.983634472,24
1.304,6.135923386,5.98854351,24
1.305,4.601942539,5.993145466,24
1.306,4.601942539,5.996826649,24
1.307,4.601942539,6.001428127,24
1.308,4.601942539,6.005723476,24
1.309,4.601942539,6.010324955,24
1.31,3.067961693,6.014619827,24
1.311,4.601942539,6.019528866,24
1.311,4.601942539,6.024437428,24
1.313,4.601942539,6.029039383,24
1.314,4.601942539,6.033641338,24
1.315,4.601942539,6.0385499,24
1.316,4.601942539,6.043151379,24
1.317,4.601942539,6.047752857,24
1.318,4.601942539,6.052354336,24
1.319,4.601942539,6.057262897,24
1.32,6.135923386,6.06186533,24
1.321,4.601942539,6.066466808,24
1.322,4.601942539,6.071068287,24
1.323,4.601942539,6.075669765,24
1.324,6.135923386,6.080578327,24
1.325,6.135923386,6.085180759,24
1.326,4.601942539,6.089782238,24
1.327,6.135923386,6.095611572,24
1.328,4.601942539,6.099906445,24
1.329,4.601942539,6.104815006,24
1.33,4.601942539,6.109416485,24
1.331,6.135923386,6.114325523,24
1.332,4.601942539,6.118620396,24
1.333,4.601942539,6.123528957,24
1.334,4.601942539,6.128130913,24
1.335,4.601942539,6.132732868,24
1.336,4.601942539,6.137334347,24
1.337,3.067961693,6.141629696,24
1.338,4.601942539,6.146538258,24
1.339,4.601942539,6.151139736,24
1.34,6.135923386,6.155128002,24
1.341,4.601942539,6.160649776,24
1.342,3.067961693,6.164331436,24
1.343,4.601942539,6.168933392,24
1.344,4.601942539,6.174762249,24
1.345,4.601942539,6.178443432,24
1.346,4.601942539,6.183351994,24
1.347,4.601942539,6.188873768,24
1.348,4.601942539,6.193475246,24
1.349,4.601942539,6.198997498,24
1.35,4.601942539,6.204826355,24
1.351,4.601942539,6.208508015,24
1.352,4.601942539,6.214029789,24
1.353,6.135923386,6.218018532,24
1.354,6.135923386,6.222620964,24
1.355,4.601942539,6.227222443,24
1.356,4.601942539,6.232131004,24
1.357,4.601942539,6.237652779,24
1.358,4.601942539,6.24256134,24
1.359,4.601942539,6.248083115,24
1.36,4.601942539,6.251764774,24
1.361,4.601942539,6.256673336,24
1.362,4.601942539,6.261274815,24
1.363,6.135923386,6.267104149,24
1.364,4.601942539,6.271705627,24
1.365,3.067961693,6.276307583,24
1.366,3.067961693,6.280909538,24
1.367,4.601942539,6.2858181,24
1.368,4.601942539,6.289499283,24
1.369,3.067961693,6.294101238,24
1.37,4.601942539,6.2990098,24
1.371,4.601942539,6.303611279,24
1.372,4.601942539,6.30851984,24
1.373,4.601942539,6.312814713,24
1.374,4.601942539,6.317723274,24
1.375,4.601942539,6.322631836,24
1.376,4.601942539,6.32815361,24
1.378,4.601942539,6.333982944,24
1.379,4.601942539,6.338584423,24
1.38,4.601942539,6.343492985,24
1.381,4.601942539,6.348094463,24
1.382,4.601942539,6.353003025,24
1.383,4.601942539,6.357297897,24
1.384,4.601942539,6.361899853,24
1.384,4.601942539,6.365888119,24
1.386,4.601942539,6.371409893,24
1.387,4.601942539,6.376318455,24
1.388,4.601942539,6.380613327,24
1.389,4.601942539,6.385521889,24
1.39,4.601942539,6.39043045,24
1.391,3.067961693,6.394725323,24
1.392,4.601942539,6.399633884,24
1.393,4.601942539,6.404542446,24
1.394,6.135923386,6.409144402,24
1.394,4.601942539,6.41374588,24
1.396,3.067961693,6.418347836,24
1.397,4.601942539,6.423256874,24
1.397,3.067961693,6.426938534,24
1.399,4.601942539,6.432767868,24
1.4,4.601942539,6.437369347,24
1.401,4.601942539,6.441970825,24
1.402,4.601942539,6.446572781,24
1.403,4.601942539,6.451481342,24
1.404,4.601942539,6.456082821,24
1.405,4.601942539,6.460991859,24
1.406,6.135923386,6.465593815,24
1.407,4.601942539,6.470195293,24
1.408,4.601942539,6.474796772,24
1.408,4.601942539,6.478478432,24
1.409,6.135923386,6.483694077,24
1.41,4.601942539,6.488295555,24
1.411,4.601942539,6.492897034,24
1.412,4.601942539,6.497805595,24
1.413,3.067961693,6.503327847,24
1.415,6.135923386,6.508236885,24
1.416,4.601942539,6.512838364,24
1.417,4.601942539,6.517440319,24
1.418,4.601942539,6.522348881,24
1.419,4.601942539,6.526950359,24
1.42,6.135923386,6.531858921,24
1.421,4.601942539,6.536460876,24
1.422,4.601942539,6.541062832,24
1.423,4.601942539,6.546891689,24
1.424,4.601942539,6.550572872,24
1.425,4.601942539,6.555481434,24
1.426,4.601942539,6.560083389,24
1.427,6.135923386,6.56621933,24
1.428,6.135923386,6.570821285,24
1.429,4.601942539,6.575729847,24
1.43,4.601942539,6.580331326,24
1.431,4.601942539,6.584933281,24
1.432,4.601942539,6.589841843,24
1.433,6.135923386,6.594750404,24
1.434,4.601942539,6.599351883,24
1.435,6.135923386,6.607021332,24
1.436,4.601942539,6.61162281,24
1.437,3.067961693,6.616224766,24
1.438,4.601942539,6.621133804,24
1.439,4.601942539,6.62573576,24
1.441,4.601942539,6.631564617,24
1.442,4.601942539,6.63831377,24
1.443,6.135923386,6.642915726,24
1.444,4.601942539,6.647824287,24
1.445,4.601942539,6.652425766,24
1.446,4.601942539,6.657948017,24
1.447,4.601942539,6.663776875,24
1.449,4.601942539,6.670219421,24
1.45,3.067961693,6.674821377,24
1.451,4.601942539,6.679729939,24
1.452,6.135923386,6.684638977,24
1.453,6.135923386,6.689240932,24
1.454,4.601942539,6.693535805,24
1.455,4.601942539,6.698444366,24
1.456,4.601942539,6.704273224,24
1.457,4.601942539,6.709488392,24
1.458,4.601942539,6.714396954,24
1.459,4.601942539,6.718998432,24
1.46,4.601942539,6.722986698,24
1.461,4.601942539,6.728508949,24
1.462,4.601942539,6.733110428,24
1.463,6.135923386,6.73801899,24
1.464,6.135923386,6.742621422,24
1.465,4.601942539,6.7472229,24
1.466,4.601942539,6.751824379,24
1.467,6.135923386,6.756733418,24
1.468,6.135923386,6.763175964,24
1.47,4.601942539,6.767777443,24
1.471,4.601942539,6.772378922,24
1.472,4.601942539,6.777287483,24
1.473,4.601942539,6.781888962,24
1.474,4.601942539,6.787717819,24
1.475,4.601942539,6.792319298,24
1.476,4.601942539,6.798148155,24
1.477,4.601942539,6.802749634,24
1.478,6.135923386,6.807658195,24
1.479,4.601942539,6.811339378,24
1.48,4.601942539,6.815940857,24
1.481,4.601942539,6.820542336,24
1.482,4.601942539,6.826371193,24
1.483,4.601942539,6.830972672,24
1.484,3.067961693,6.834347248,24
1.485,4.601942539,6.83925581,24
1.486,3.067961693,6.843857765,24
1.487,4.601942539,6.848459721,24
1.488,6.135923386,6.853368759,24
1.489,6.135923386,6.859198093,24
1.49,4.601942539,6.863492966,24
1.491,4.601942539,6.868401527,24
1.492,4.601942539,6.873003006,24
1.493,3.067961693,6.877604961,24
1.494,4.601942539,6.882513523,24
1.495,4.601942539,6.886501789,24
1.496,6.135923386,6.89202404,24
1.497,4.601942539,6.896625519,24
1.498,4.601942539,6.903374672,24
1.499,4.601942539,6.907976627,24
1.5,4.601942539,6.912578106,24
1.501,6.135923386,6.917486668,24
1.502,4.601942539,6.922088623,24
1.504,6.135923386,6.92791748,24
1.505,4.601942539,6.932518959,24
1.506,4.601942539,6.937120438,24
1.507,3.067961693,6.941722393,24
1.508,3.067961693,6.946324825,24
1.509,4.601942539,6.952460766,24
1.51,4.601942539,6.957062244,24
1.511,3.067961693,6.9616642,24
1.512,4.601942539,6.966573238,24
1.513,4.601942539,6.971175194,24
1.514,4.601942539,6.976083755,24
1.515,6.135923386,6.980992317,24
1.516,4.601942539,6.984366894,24
1.517,6.135923386,6.990502834,24
1.518,6.135923386,6.99510479,24
1.519,4.601942539,6.999706268,24
1.52,6.135923386,7.00461483,24
1.521,6.135923386,7.009216785,24
1.522,4.601942539,7.013818264,24
1.523,3.067961693,7.018420696,24
1.524,4.601942539,7.024249554,24
1.525,6.135923386,7.029158115,24
1.526,4.601942539,7.033759594,24
1.527,3.067961693,7.039281845,24
1.528,4.601942539,7.044190884,24
1.529,6.135923386,7.048793316,24
1.53,4.601942539,7.053701878,24
1.531,6.135923386,7.059530735,24
1.532,4.601942539,7.063825607,24
1.533,4.601942539,7.068734169,24
1.534,4.601942539,7.073335648,24
1.535,4.601942539,7.077937126,24
1.536,4.601942539,7.082845688,24
1.538,4.601942539,7.089287758,24
1.539,6.135923386,7.09419632,24
1.54,4.601942539,7.098798275,24
1.541,6.135923386,7.104627132,24
1.542,4.601942539,7.109229088,24
1.543,6.135923386,7.11413765,24
1.544,6.135923386,7.118739605,24
1.545,4.601942539,7.124261379,24
1.546,4.601942539,7.128862858,24
1.547,4.601942539,7.13377142,24
1.548,4.601942539,7.139293671,24
1.549,4.601942539,7.143895149,24
1.55,4.601942539,7.148803711,24
1.552,4.601942539,7.154325962,24
1.553,4.601942539,7.159847736,24
1.554,4.601942539,7.164449215,24
1.555,6.135923386,7.169358253,24
1.556,4.601942539,7.173960209,24
1.557,4.601942539,7.179481983,24
1.558,6.135923386,7.184391022,24
1.559,4.601942539,7.189912796,24
1.56,6.135923386,7.194821835,24
1.561,4.601942539,7.199423313,24
1.562,4.601942539,7.204331875,24
1.563,4.601942539,7.208933353,24
1.564,4.601942539,7.213534832,24
1.565,4.601942539,7.218443394,24
1.566,4.601942539,7.223044872,24
1.567,4.601942539,7.227646828,24
1.568,6.135923386,7.232556343,24
1.569,4.601942539,7.237157822,24
1.57,6.135923386,7.242986679,24
1.571,4.601942539,7.247588158,24
1.572,3.067961693,7.253110409,24
1.574,4.601942539,7.25801897,24
1.575,4.601942539,7.262927532,24
1.576,4.601942539,7.268449783,24
1.577,4.601942539,7.273358345,24
1.578,4.601942539,7.277959824,24
1.579,4.601942539,7.282868385,24
1.58,4.601942539,7.288390636,24
1.581,4.601942539,7.293912411,24
1.582,6.135923386,7.298820972,24
1.583,4.601942539,7.303422451,24
1.584,4.601942539,7.308024406,24
1.585,4.601942539,7.312932968,24
1.586,4.601942539,7.318455219,24
1.587,4.601942539,7.323057175,24
1.588,4.601942539,7.327966213,24
1.589,4.601942539,7.332567692,24
1.59,4.601942539,7.33716917,24
1.591,4.601942539,7.342077732,24
1.592,4.601942539,7.346679211,24
1.594,4.601942539,7.353428841,24
1.595,4.601942539,7.358030796,24
1.596,4.601942539,7.362632275,24
1.597,4.601942539,7.367540836,24
1.598,4.601942539,7.372142792,24
1.599,4.601942539,7.37735796,24
1.6,4.601942539,7.383187294,24
1.601,4.601942539,7.388709545,24
1.602,4.601942539,7.393618107,24
1.603,4.601942539,7.398219585,24
1.604,4.601942539,7.403128624,24
1.605,4.601942539,7.407423496,24
1.606,4.601942539,7.413252354,24
1.608,4.601942539,7.418774128,24
1.609,6.135923386,7.42368269,24
1.61,6.135923386,7.428591251,24
1.611,4.601942539,7.432272434,24
1.612,3.067961693,7.437794685,24
1.613,4.601942539,7.443623543,24
1.614,4.601942539,7.449145317,24
1.615,4.601942539,7.453746796,24
1.616,4.601942539,7.458655357,24
1.617,4.601942539,7.463257313,24
1.618,4.601942539,7.467858791,24
1.619,4.601942539,7.47246027,24
1.62,4.601942539,7.477368832,24
1.621,4.601942539,7.483810902,24
1.623,4.601942539,7.48841238,24
1.624,4.601942539,7.493013859,24
1.625,4.601942539,7.498842716,24
1.626,6.135923386,7.503751278,24
1.627,3.067961693,7.508966923,24
1.628,4.601942539,7.51479578,24
1.629,4.601942539,7.519397259,24
1.63,4.601942539,7.52430582,24
1.631,4.601942539,7.529214382,24
1.632,4.601942539,7.532895565,24
1.633,4.601942539,7.538417816,24
1.634,4.601942539,7.542099476,24
1.635,4.601942539,7.54762125,24
1.636,4.601942539,7.552530289,24
1.637,4.601942539,7.558052063,24
1.638,3.067961693,7.562654018,24
1.639,4.601942539,7.568482876,24
1.641,6.135923386,7.573391914,24
1.642,4.601942539,7.579834461,24
1.643,4.601942539,7.584436417,24
1.644,4.601942539,7.589344978,24
1.645,4.601942539,7.593946457,24
1.646,6.135923386,7.598855495,24
1.647,4.601942539,7.604377747,24
1.648,4.601942539,7.610207081,24
1.649,6.135923386,7.615116119,24
1.651,3.067961693,7.62125206,24
1.652,3.067961693,7.625854015,24
1.653,4.601942539,7.629842281,24
1.654,4.601942539,7.634750843,24
1.655,4.601942539,7.640273094,24
1.656,6.135923386,7.647022247,24
1.657,4.601942539,7.652544498,24
1.658,6.135923386,7.65745306,24
1.659,3.067961693,7.661747932,24
1.66,4.601942539,7.666656494,24
1.662,4.601942539,7.671565056,24
1.663,4.601942539,7.677087307,24
1.664,4.601942539,7.681995869,24
1.665,4.601942539,7.686597347,24
1.666,4.601942539,7.692119598,24
1.667,4.601942539,7.69702816,24
1.668,3.067961693,7.701323032,24
1.669,6.135923386,7.705618382,24
1.67,6.135923386,7.712061405,24
1.671,4.601942539,7.716662884,24
1.672,4.601942539,7.721265316,24
1.673,4.601942539,7.726173878,24
1.674,4.601942539,7.730775356,24
1.675,6.135923386,7.735683918,24
1.676,4.601942539,7.741205692,24
1.677,3.067961693,7.746728897,24
1.679,4.601942539,7.752557755,24
1.68,6.135923386,7.757466793,24
1.681,4.601942539,7.762068748,24
1.682,4.601942539,7.766670227,24
1.683,4.601942539,7.771271706,24
1.684,4.601942539,7.776793957,24
1.685,4.601942539,7.781702518,24
1.686,4.601942539,7.785383701,24
1.687,4.601942539,7.78998518,24
1.688,4.601942539,7.794586658,24
1.689,4.601942539,7.800108433,24
1.69,4.601942539,7.805016994,24
1.691,4.601942539,7.810538769,24
1.692,6.135923386,7.815447807,24
1.693,4.601942539,7.81912899,24
1.694,4.601942539,7.823730469,24
1.695,4.601942539,7.828331947,24
1.696,4.601942539,7.833240509,24
1.697,4.601942539,7.837842464,24
1.698,4.601942539,7.843364239,24
1.699,4.601942539,7.847965717,24
1.7,6.135923386,7.852874756,24
1.701,4.601942539,7.858397007,24
1.702,4.601942539,7.862691879,24
1.703,4.601942539,7.867600441,24
1.704,4.601942539,7.873122215,24
1.705,4.601942539,7.878030777,24
1.707,6.135923386,7.882632732,24
1.707,4.601942539,7.887234688,24
1.708,4.601942539,7.891836643,24
1.709,4.601942539,7.896438599,24
1.71,4.601942539,7.900426865,24
1.711,4.601942539,7.905949116,24
1.712,4.601942539,7.910857677,24
1.713,4.601942539,7.915459156,24
1.715,4.601942539,7.92098093,24
1.716,4.601942539,7.924662113,24
1.716,4.601942539,7.929571152,24
1.717,4.601942539,7.93417263,24
1.719,4.601942539,7.9406147,24
1.72,4.601942539,7.944295883,24
1.721,3.067961693,7.949818611,24
1.722,4.601942539,7.955647945,24
1.723,4.601942539,7.960249901,24
1.724,4.601942539,7.964851379,24
1.725,4.601942539,7.969452858,24
1.726,4.601942539,7.975588799,24
1.727,4.601942539,7.981111526,24
1.728,4.601942539,7.985713482,24
1.729,4.601942539,7.990622044,24
1.73,4.601942539,7.995223522,24
1.731,4.601942539,7.998904705,24
1.732,4.601942539,8.005347252,24
1.734,4.601942539,8.010255814,24
1.735,4.601942539,8.01424408,24
1.735,4.601942539,8.018845558,24
1.736,6.135923386,8.02375412,24
1.737,4.601942539,8.028355598,24
1.738,4.601942539,8.032957077,24
1.74,3.067961693,8.038478851,24
1.741,6.135923386,8.043694496,24
1.742,4.601942539,8.048295975,24
1.743,4.601942539,8.052897453,24
1.744,4.601942539,8.057806015,24
1.745,4.601942539,8.062714577,24
1.746,4.601942539,8.067316055,24
1.747,3.067961693,8.071917534,24
1.748,4.601942539,8.077746391,24
1.749,4.601942539,8.082654953,24
1.75,4.601942539,8.087869644,24
1.751,4.601942539,8.093698502,24
1.752,4.601942539,8.09829998,24
1.753,3.067961693,8.103821754,24
1.754,4.601942539,8.108730316,24
1.755,4.601942539,8.113331795,24
1.756,4.601942539,8.117933273,24
1.757,4.601942539,8.122534752,24
1.758,4.601942539,8.127443314,24
1.759,3.067961693,8.132965088,24
1.761,4.601942539,8.138486862,24
1.762,4.601942539,8.14431572,24
1.763,4.601942539,8.149837494,24
1.764,4.601942539,8.154438972,24
1.765,3.067961693,8.159040451,24
1.766,4.601942539,8.164869308,24
1.767,4.601942539,8.170391083,24
1.769,4.601942539,8.174992561,24
1.77,3.067961693,8.17959404,24
1.771,4.601942539,8.184502602,24
1.772,6.135923386,8.189411163,24
1.773,6.135923386,8.194012642,24
1.774,4.601942539,8.199534416,24
1.775,4.601942539,8.204442978,24
1.776,4.601942539,8.209044456,24
1.777,4.601942539,8.214566231,24
1.778,4.601942539,8.220395088,24
1.779,4.601942539,8.224996567,24
1.78,4.601942539,8.229905128,24
1.781,4.601942539,8.235426903,24
1.782,3.067961693,8.240028381,24
1.783,4.601942539,8.24462986,24
1.784,4.601942539,8.249538422,24
1.785,4.601942539,8.2541399,24
1.786,4.601942539,8.258741379,24
1.787,4.601942539,8.264570236,24
1.789,6.135923386,8.270399094,24
1.79,4.601942539,8.274693489,24
1.791,4.601942539,8.279294968,24
1.792,6.135923386,8.284510612,24
1.793,4.601942539,8.289112091,24
1.794,4.601942539,8.29371357,24
1.795,4.601942539,8.299542427,24
1.796,4.601942539,8.304143906,24
1.797,4.601942539,8.308745384,24
1.798,4.601942539,8.314574242,24
1.799,4.601942539,8.31917572,24
1.8,6.135923386,8.324084282,24
1.801,6.135923386,8.329606056,24
1.803,4.601942539,8.335127831,24
1.804,3.067961693,8.339729309,24
1.805,4.601942539,8.344637871,24
1.806,6.135923386,8.349546432,24
1.807,4.601942539,8.354147911,24
1.808,3.067961693,8.35874939,24
1.809,4.601942539,8.364578247,24
1.81,6.135923386,8.368566513,24
1.811,4.601942539,8.373167992,24
1.812,4.601942539,8.378076553,24
1.813,3.067961693,8.382678032,24
1.814,4.601942539,8.38727951,24
1.815,4.601942539,8.392188072,24
1.816,4.601942539,8.396789551,24
1.817,4.601942539,8.401391029,24
1.818,4.601942539,8.406299591,24
1.819,4.601942539,8.41090107,24
1.82,4.601942539,8.415502548,24
1.821,4.601942539,8.42041111,24
1.822,4.601942539,8.425012589,24
1.823,4.601942539,8.429614067,24
1.824,3.067961693,8.434215546,24
1.825,4.601942539,8.439124107,24
1.826,3.067961693,8.443418503,24
1.827,4.601942539,8.44924736,24
1.828,4.601942539,8.453848839,24
1.829,4.601942539,8.459370613,24
1.83,4.601942539,8.464892387,24
1.831,3.067961693,8.469493866,24
1.832,4.601942539,8.474402428,24
1.833,4.601942539,8.479003906,24
1.834,4.601942539,8.483605385,24
1.835,6.135923386,8.488206863,24
1.836,4.601942539,8.493728638,24
1.837,4.601942539,8.498330116,24
1.838,6.135923386,8.503238678,24
1.839,4.601942539,8.507533073,24
1.84,4.601942539,8.512134552,24
1.841,4.601942539,8.517043114,24
1.842,4.601942539,8.521644592,24
1.843,4.601942539,8.526553154,24
1.844,6.135923386,8.531461716,24
1.846,6.135923386,8.536676407,24
1.847,4.601942539,8.542505264,24
1.848,4.601942539,8.547106743,24
1.849,6.135923386,8.552015305,24
1.85,4.601942539,8.557537079,24
1.851,4.601942539,8.562138557,24
1.852,4.601942539,8.567660332,24
1.853,4.601942539,8.57226181,24
1.854,6.135923386,8.577170372,24
1.855,4.601942539,8.581771851,24
1.856,6.135923386,8.586680412,24
1.857,4.601942539,8.590974808,24
1.858,4.601942539,8.595883369,24
1.859,4.601942539,8.600484848,24
1.86,4.601942539,8.60539341,24
1.861,4.601942539,8.609994888,24
1.862,4.601942539,8.61490345,24
1.863,4.601942539,8.619504929,24
1.864,4.601942539,8.624106407,24
1.865,4.601942539,8.629014969,24
1.866,4.601942539,8.633309364,24
1.867,3.067961693,8.637910843,24
1.868,4.601942539,8.642819405,24
1.869,4.601942539,8.647420883,24
1.87,6.135923386,8.652636528,24
1.871,4.601942539,8.656930923,24
1.872,4.601942539,8.660612106,24
1.873,4.601942539,8.665520668,24
1.874,4.601942539,8.670122147,24
1.875,4.601942539,8.675030708,24
1.876,6.135923386,8.680859566,24
1.877,4.601942539,8.687301636,24
1.879,3.067961693,8.691903114,24
1.88,4.601942539,8.696811676,24
1.881,4.601942539,8.701720238,24
1.882,4.601942539,8.706321716,24
1.883,4.601942539,8.710923195,24
1.884,6.135923386,8.714911461,24
1.884,3.067961693,8.719205856,24
1.885,4.601942539,8.724114418,24
1.886,6.135923386,8.72902298,24
1.887,4.601942539,8.733317375,24
1.888,4.601942539,8.737918854,24
1.889,4.601942539,8.742827415,24
1.89,4.601942539,8.747428894,24
1.891,4.601942539,8.752030373,24
1.892,3.067961693,8.756631851,24
1.893,4.601942539,8.761540413,24
1.894,4.601942539,8.766141891,24
1.895,3.067961693,8.77074337,24
1.896,6.135923386,8.774731636,24
1.897,6.135923386,8.779640198,24
1.898,4.601942539,8.784241676,24
1.899,6.135923386,8.788843155,24
1.9,4.601942539,8.794364929,24
1.901,4.601942539,8.798966408,24
1.902,4.601942539,8.803874969,24
1.903,4.601942539,8.808169365,24
1.904,4.601942539,8.813077927,24
1.905,3.067961693,8.817679405,24
1.906,4.601942539,8.822280884,24
1.907,4.601942539,8.82626915,24
1.908,6.135923386,8.832098007,24
1.909,4.601942539,8.836699486,24
1.91,4.601942539,8.840380669,24
1.911,4.601942539,8.844982147,24
1.912,3.067961693,8.849583626,24
1.913,4.601942539,8.854492188,24
1.914,4.601942539,8.859400749,24
1.915,3.067961693,8.862774849,24
1.916,3.067961693,8.867376328,24
1.917,4.601942539,8.872284889,24
1.918,4.601942539,8.876886368,24
1.919,4.601942539,8.88179493,24
1.92,4.601942539,8.886396408,24
1.921,4.601942539,8.890077591,24
1.922,4.601942539,8.894986153,24
1.923,4.601942539,8.899280548,24
1.924,4.601942539,8.90418911,24
1.925,4.601942539,8.909097672,24
1.926,4.601942539,8.91369915,24
1.927,4.601942539,8.919220924,24
1.928,4.601942539,8.924129486,24
1.929,4.601942539,8.928730965,24
1.93,4.601942539,8.933639526,24
1.931,4.601942539,8.937320709,24
1.932,4.601942539,8.941922188,24
1.933,3.067961693,8.946523666,24
1.934,6.135923386,8.950511932,24
1.935,4.601942539,8.954806328,24
1.936,4.601942539,8.95971489,24
1.937,3.067961693,8.964009285,24
1.938,4.601942539,8.967997551,24
1.938,4.601942539,8.972906113,24
1.94,6.135923386,8.978427887,24
1.941,3.067961693,8.983029366,24
1.942,4.601942539,8.987630844,24
1.943,4.601942539,8.993459702,24
1.944,4.601942539,8.99806118,24
1.945,4.601942539,9.002662659,24
1.946,4.601942539,9.006343842,24
1.947,4.601942539,9.01094532,24
1.948,4.601942539,9.016774178,24
1.949,4.601942539,9.022295952,24
1.95,4.601942539,9.02689743,24
1.951,4.601942539,9.0333395,24
1.952,3.067961693,9.037020683,24
1.953,4.601942539,9.041929245,24
1.954,4.601942539,9.047451019,24
1.955,4.601942539,9.052052498,24
1.956,4.601942539,9.056653976,24
1.957,4.601942539,9.060335159,24
1.958,4.601942539,9.064936638,24
1.959,4.601942539,9.069538116,24
1.96,4.601942539,9.074446678,24
1.961,4.601942539,9.079968452,24
1.963,3.067961693,9.084569931,24
1.964,4.601942539,9.090091705,24
1.964,4.601942539,9.094079971,24
1.966,4.601942539,9.099601746,24
1.967,4.601942539,9.103282928,24
1.968,3.067961693,9.108804703,24
1.969,4.601942539,9.113713264,24
1.97,4.601942539,9.118314743,24
1.971,4.601942539,9.122916222,24
1.972,3.067961693,9.1275177,24
1.973,4.601942539,9.134266853,24
1.974,6.135923386,9.139175415,24
1.975,4.601942539,9.142549515,24
1.976,4.601942539,9.147458076,24
1.977,4.601942539,9.153900146,24
1.978,6.135923386,9.158808708,24
1.979,4.601942539,9.163410187,24
1.98,4.601942539,9.168011665,24
1.981,4.601942539,9.172920227,24
1.982,4.601942539,9.17660141,24
1.983,4.601942539,9.181202888,24
1.984,6.135923386,9.18611145,24
1.985,6.135923386,9.190712929,24
1.986,4.601942539,9.195314407,24
1.987,4.601942539,9.199915886,24
1.988,4.601942539,9.204824448,24
1.989,6.135923386,9.209425926,24
1.99,4.601942539,9.214027405,24
1.991,4.601942539,9.218935966,24
1.992,3.067961693,9.223230362,24
1.993,6.135923386,9.228446007,24
1.994,4.601942539,9.231820107,24
1.995,4.601942539,9.236728668,24
1.996,3.067961693,9.241330147,24
1.997,6.135923386,9.247159004,24
1.998,4.601942539,9.251760483,24
1.999,4.601942539,9.256669044,24
2,4.601942539,9.260350227,24
2.001,4.601942539,9.264951706,24
2.002,4.601942539,9.269553185,24
2.003,6.135923386,9.274461746,24
2.004,6.135923386,9.279370308,24
2.005,4.601942539,9.283664703,24
2.006,4.601942539,9.288266182,24
2.007,4.601942539,9.292254448,24
2.008,4.601942539,9.296855927,24
2.009,4.601942539,9.301764488,24
2.01,4.601942539,9.306365967,24
2.011,4.601942539,9.310967445,24
2.012,4.601942539,9.315876007,24
2.013,4.601942539,9.320477486,24
2.014,4.601942539,9.325386047,24
2.015,4.601942539,9.329680443,24
2.016,3.067961693,9.334589005,24
2.017,6.135923386,9.339497566,24
2.018,4.601942539,9.344099045,24
2.019,6.135923386,9.349007607,24
2.02,4.601942539,9.353609085,24
2.021,4.601942539,9.358210564,24
2.022,4.601942539,9.363119125,24
2.023,3.067961693,9.367413521,24
2.024,6.135923386,9.37170887,24
2.024,4.601942539,9.376003265,24
2.025,4.601942539,9.380911827,24
2.026,4.601942539,9.385820389,24
2.027,4.601942539,9.391342163,24
2.029,3.067961693,9.395943642,24
2.03,4.601942539,9.399624825,24
2.03,4.601942539,9.404533386,24
2.031,4.601942539,9.409134865,24
2.032,6.135923386,9.414043427,24
2.033,4.601942539,9.418337822,24
2.034,3.067961693,9.422939301,24
2.035,4.601942539,9.427847862,24
2.036,3.067961693,9.433369637,24
2.038,6.135923386,9.438278198,24
2.039,4.601942539,9.442879677,24
2.04,4.601942539,9.448401451,24
2.041,4.601942539,9.45300293,24
2.042,4.601942539,9.457911491,24
2.043,4.601942539,9.46251297,24
2.044,4.601942539,9.467114449,24
2.045,3.067961693,9.471715927,24
2.046,4.601942539,9.477544785,24
2.047,4.601942539,9.483066559,24
2.048,4.601942539,9.487975121,24
2.049,4.601942539,9.493803978,24
2.05,4.601942539,9.498098373,24
2.051,4.601942539,9.503006935,24
2.052,4.601942539,9.507608414,24
2.053,4.601942539,9.512516975,24
2.054,3.067961693,9.516811371,24
2.055,4.601942539,9.521719933,24
2.056,4.601942539,9.526321411,24
2.057,4.601942539,9.531229973,24
2.059,4.601942539,9.536751747,24
2.06,4.601942539,9.54043293,24
2.061,4.601942539,9.545341492,24
2.061,3.067961693,9.550556183,24
2.063,4.601942539,9.554237366,24
2.063,6.135923386,9.559145927,24
2.064,3.067961693,9.563747406,24
2.066,4.601942539,9.569576263,24
2.067,4.601942539,9.574177742,24
2.068,4.601942539,9.577551842,24
2.068,4.601942539,9.582460403,24
2.07,4.601942539,9.588289261,24
2.071,4.601942539,9.593811035,24
2.072,4.601942539,9.598412514,24
2.073,4.601942539,9.603013992,24
2.074,4.601942539,9.607002258,24
2.075,4.601942539,9.611603737,24
2.076,4.601942539,9.616512299,24
2.077,4.601942539,9.622034073,24
2.078,4.601942539,9.627555847,24
2.079,3.067961693,9.63123703,24
2.08,6.135923386,9.636452675,24
2.081,4.601942539,9.641054153,24
2.082,4.601942539,9.645655632,24
2.083,4.601942539,9.650564194,24
2.084,4.601942539,9.654245377,24
2.085,4.601942539,9.658846855,24
2.086,4.601942539,9.663448334,24
2.087,4.601942539,9.668049812,24
2.088,6.135923386,9.672958374,24
2.089,4.601942539,9.677559853,24
2.09,4.601942539,9.682161331,24
2.091,6.135923386,9.687069893,24
2.092,3.067961693,9.690443993,24
2.092,4.601942539,9.69627285,24
2.094,4.601942539,9.700874329,24
2.095,4.601942539,9.70578289,24
2.096,4.601942539,9.710077286,24
2.097,4.601942539,9.714985847,24
2.098,4.601942539,9.719587326,24
2.099,3.067961693,9.724188805,24
2.1,6.135923386,9.728177071,24
2.1,3.067961693,9.732471466,24
2.101,4.601942539,9.737380028,24
2.102,4.601942539,9.741981506,24
2.103,4.601942539,9.745662689,24
2.104,4.601942539,9.750264168,24
2.105,4.601942539,9.754865646,24
2.106,3.067961693,9.758546829,24
2.107,6.135923386,9.764375687,24
2.108,4.601942539,9.76805687,24
2.109,4.601942539,9.773578644,24
2.11,4.601942539,9.778180122,24
2.111,3.067961693,9.782781601,24
2.112,4.601942539,9.78738308,24
2.113,4.601942539,9.792291641,24
2.114,4.601942539,9.79689312,24
2.115,4.601942539,9.800574303,24
2.116,4.601942539,9.805175781,24
2.117,4.601942539,9.810697556,24
2.118,6.135923386,9.814685822,24
2.119,4.601942539,9.818980217,24
2.12,3.067961693,9.823581696,24
2.121,4.601942539,9.828490257,24
2.122,4.601942539,9.833091736,24
2.123,4.601942539,9.837693214,24
2.124,6.135923386,9.842601776,24
2.125,4.601942539,9.847203255,24
2.126,3.067961693,9.851804733,24
2.127,6.135923386,9.857633591,24
2.128,4.601942539,9.862235069,24
2.129,4.601942539,9.867143631,24
2.13,6.135923386,9.872052193,24
2.131,4.601942539,9.876653671,24
2.132,4.601942539,9.881562233,24
2.133,3.067961693,9.886163712,24
2.134,4.601942539,9.89076519,24
2.135,4.601942539,9.895366669,24
2.136,4.601942539,9.899354935,24
2.137,4.601942539,9.903956413,24
2.138,4.601942539,9.908864975,24
2.139,4.601942539,9.913466454,24
2.14,3.067961693,9.918067932,24
2.141,6.135923386,9.923283577,24
2.142,6.135923386,9.927885056,24
2.143,3.067961693,9.931259155,24
2.144,4.601942539,9.937395096,24
2.145,4.601942539,9.941383362,24
2.146,4.601942539,9.94598484,24
2.147,4.601942539,9.951813698,24
2.148,6.135923386,9.95672226,24
2.149,4.601942539,9.962244034,24
2.15,3.067961693,9.966845512,24
2.151,4.601942539,9.971754074,24
2.152,4.601942539,9.976355553,24
2.153,3.067961693,9.980957031,24
2.154,3.067961693,9.98555851,24
2.155,6.135923386,9.990774155,24
2.156,4.601942539,9.995375633,24
2.157,4.601942539,10.00089741,24
2.158,6.135923386,10.00580597,24
2.159,4.601942539,10.01040745,24
2.16,4.601942539,10.01500893,24
2.161,4.601942539,10.01991749,24
2.162,4.601942539,10.02451897,24
2.163,4.601942539,10.03004074,24
2.165,3.067961693,10.03464222,24
2.166,4.601942539,10.03955078,24
2.167,4.601942539,10.04415226,24
2.168,4.601942539,10.04844666,24
2.169,4.601942539,10.05335522,24
2.17,4.601942539,10.05887699,24
2.171,4.601942539,10.06347847,24
2.172,3.067961693,10.06715965,24
2.173,4.601942539,10.07268143,24
2.174,3.067961693,10.07728291,24
2.175,4.601942539,10.08096409,24
2.176,4.601942539,10.08587265,24
2.177,4.601942539,10.09047413,24
2.178,4.601942539,10.0959959,24
2.179,4.601942539,10.10059738,24
2.18,4.601942539,10.10519886,24
2.181,4.601942539,10.10980034,24
2.182,4.601942539,10.1147089,24
2.183,4.601942539,10.11931038,24
2.184,4.601942539,10.12391186,24
2.185,4.601942539,10.12851334,24
2.186,4.601942539,10.13311481,24
2.187,6.135923386,10.13710308,24
2.188,4.601942539,10.14170456,24
2.189,4.601942539,10.14722633,24
2.19,4.601942539,10.15182781,24
2.191,4.601942539,10.15642929,24
2.192,4.601942539,10.16103077,24
2.193,4.601942539,10.16593933,24
2.194,4.601942539,10.17084789,24
2.195,4.601942539,10.17452908,24
2.196,4.601942539,10.17913055,24
2.197,4.601942539,10.18403912,24
2.198,3.067961693,10.18833351,24
2.199,4.601942539,10.19232178,24
2.199,3.067961693,10.19692326,24
2.2,4.601942539,10.20183182,24
2.201,4.601942539,10.2064333,24
2.202,6.135923386,10.21134186,24
2.203,4.601942539,10.21502304,24
2.204,3.067961693,10.22054482,24
2.205,3.067961693,10.22514629,24
2.206,4.601942539,10.23005486,24
2.207,6.135923386,10.23373604,24
2.208,4.601942539,10.23833752,24
2.209,4.601942539,10.24324608,24
2.21,4.601942539,10.24784756,24
2.211,4.601942539,10.25183582,24
2.212,6.135923386,10.25674438,24
2.213,4.601942539,10.26195908,24
2.214,4.601942539,10.26594734,24
2.215,4.601942539,10.27054882,24
2.216,4.601942539,10.27607059,24
2.217,4.601942539,10.28097916,24
2.218,4.601942539,10.28466034,24
2.219,4.601942539,10.28926182,24
2.22,4.601942539,10.29509068,24
2.221,4.601942539,10.29969215,24
2.222,4.601942539,10.30429363,24
2.223,4.601942539,10.30920219,24
2.224,4.601942539,10.31380367,24
2.225,4.601942539,10.31840515,24
2.226,4.601942539,10.32331371,24
2.227,4.601942539,10.32883549,24
2.229,4.601942539,10.33343697,24
2.23,4.601942539,10.33803844,24
2.23,4.601942539,10.34294701,24
2.231,4.601942539,10.34846878,24
2.233,4.601942539,10.35307026,24
2.234,4.601942539,10.35675144,24
2.234,4.601942539,10.36135292,24
2.235,4.601942539,10.3659544,24
2.236,4.601942539,10.37086296,24
2.238,3.067961693,10.37607765,24
2.239,4.601942539,10.38159943,24
2.24,6.135923386,10.38650799,24
2.241,4.601942539,10.39110947,24
2.242,4.601942539,10.39571095,24
2.243,4.601942539,10.40031242,24
2.244,4.601942539,10.4049139,24
2.245,4.601942539,10.40982246,24
2.246,4.601942539,10.41534424,24
2.247,4.601942539,10.41994572,24
2.248,3.067961693,10.42638779,24
2.25,4.601942539,10.43313694,24
2.251,4.601942539,10.43865871,24
2.252,4.601942539,10.44448757,24
2.253,3.067961693,10.44970226,24
2.255,4.601942539,10.45553112,24
2.256,4.601942539,10.4601326,24
2.257,4.601942539,10.46504116,24
2.258,4.601942539,10.46964264,24
2.259,4.601942539,10.47424412,24
2.26,4.601942539,10.47915268,24
2.261,4.601942539,10.48467445,24
2.262,4.601942539,10.48866272,24
2.263,4.601942539,10.4932642,24
2.264,6.135923386,10.49909306,24
2.265,4.601942539,10.50461483,24
2.266,4.601942539,10.50921631,24
2.267,4.601942539,10.51596546,24
2.269,4.601942539,10.52148724,24
2.27,3.067961693,10.5254755,24
2.27,4.601942539,10.53099728,24
2.272,6.135923386,10.53590584,24
2.273,4.601942539,10.54050732,24
2.274,4.601942539,10.5451088,24
2.275,4.601942539,10.55001736,24
2.275,4.601942539,10.55369854,24
2.277,4.601942539,10.5586071,24
2.278,4.601942539,10.56412888,24
2.279,4.601942539,10.56903744,24
2.28,4.601942539,10.573946,24
2.281,4.601942539,10.57854748,24
2.282,3.067961693,10.58314896,24
2.283,4.601942539,10.58897781,24
2.284,4.601942539,10.59388638,24
2.285,4.601942539,10.59818077,24
2.286,6.135923386,10.60308933,24
2.287,3.067961693,10.60738373,24
2.288,3.067961693,10.61229229,24
2.289,4.601942539,10.61812115,24
2.29,4.601942539,10.62272263,24
2.291,4.601942539,10.62640381,24
2.292,4.601942539,10.63100529,24
2.293,4.601942539,10.63560677,24
2.294,4.601942539,10.63959503,24
2.295,4.601942539,10.64419651,24
2.296,4.601942539,10.64879799,24
2.297,3.067961693,10.65247917,24
2.298,4.601942539,10.65830803,24
2.299,4.601942539,10.66198921,24
2.299,3.067961693,10.66659069,24
2.3,6.135923386,10.67149925,24
2.302,4.601942539,10.67579365,24
2.303,4.601942539,10.68039513,24
2.304,3.067961693,10.6849966,24
2.304,3.067961693,10.689291,24
2.305,3.067961693,10.69389248,24
2.306,4.601942539,10.69880104,24
2.307,6.135923386,10.70278931,24
2.308,4.601942539,10.7070837,24
2.309,4.601942539,10.71168518,24
2.31,4.601942539,10.71659374,24
2.311,4.601942539,10.72027493,24
2.312,4.601942539,10.7257967,24
2.313,4.601942539,10.73039818,24
2.314,4.601942539,10.73530674,24
2.315,4.601942539,10.73898792,24
2.316,4.601942539,10.7435894,24
2.317,4.601942539,10.74819088,24
2.318,4.601942539,10.75279236,24
2.319,4.601942539,10.75770092,24
2.32,4.601942539,10.7613821,24
2.321,4.601942539,10.76598358,24
2.322,4.601942539,10.77089214,24
2.323,4.601942539,10.77549362,24
2.324,6.135923386,10.7791748,24
2.325,4.601942539,10.78408337,24
2.326,4.601942539,10.78868484,24
2.327,4.601942539,10.79328632,24
2.328,4.601942539,10.79911518,24
2.329,4.601942539,10.80371666,24
2.33,4.601942539,10.80862522,24
2.331,4.601942539,10.81353378,24
2.332,4.601942539,10.81813526,24
2.333,4.601942539,10.82273674,24
2.334,4.601942539,10.8276453,24
2.335,4.601942539,10.83132648,24
2.336,4.601942539,10.83715534,24
2.337,4.601942539,10.84144974,24
2.338,4.601942539,10.8463583,24
2.339,4.601942539,10.85003948,24
2.34,3.067961693,10.85464096,24
2.341,3.067961693,10.85954952,24
2.342,3.067961693,10.864151,24
2.342,4.601942539,10.86813927,24
2.343,6.135923386,10.87304783,24
2.344,4.601942539,10.87734222,24
2.345,4.601942539,10.88317108,24
2.347,4.601942539,10.88807964,24
2.348,4.601942539,10.89268112,24
2.349,4.601942539,10.89850998,24
2.35,4.601942539,10.90311146,24
2.351,3.067961693,10.90771294,24
2.352,6.135923386,10.9126215,24
2.353,4.601942539,10.91630268,24
2.354,4.601942539,10.92090416,24
2.355,4.601942539,10.92550564,24
2.356,4.601942539,10.9304142,24
2.357,4.601942539,10.93593597,24
2.358,4.601942539,10.94145775,24
2.359,4.601942539,10.94605923,24
2.36,4.601942539,10.95188808,24
2.361,4.601942539,10.95618248,24
2.362,4.601942539,10.96109104,24
2.363,4.601942539,10.9669199,24
2.364,4.601942539,10.97152138,24
2.365,4.601942539,10.97612286,24
2.366,4.601942539,10.98103142,24
2.367,4.601942539,10.98440552,24
2.368,4.601942539,10.98931408,24
2.369,6.135923386,10.99391556,24
2.37,6.135923386,10.99851704,24
2.371,4.601942539,11.00281143,24
2.372,4.601942539,11.00771999,24
2.373,6.135923386,11.01354885,24
2.374,4.601942539,11.01692295,24
2.375,3.067961693,11.02152443,24
2.376,4.601942539,11.02735329,24
2.378,4.601942539,11.03287506,24
2.379,4.601942539,11.03747654,24
2.38,4.601942539,11.04207802,24
2.381,4.601942539,11.04698658,24
2.382,4.601942539,11.05066776,24
2.382,4.601942539,11.05526924,24
2.383,6.135923386,11.0601778,24
2.385,4.601942539,11.06569958,24
2.386,4.601942539,11.07030106,24
2.387,6.135923386,11.07398224,24
2.388,4.601942539,11.07858372,24
2.388,4.601942539,11.0831852,24
2.389,4.601942539,11.08809376,24
2.39,4.601942539,11.09269524,24
2.391,6.135923386,11.0976038,24
2.392,4.601942539,11.10220528,24
2.393,4.601942539,11.10588646,24
2.394,4.601942539,11.11079502,24
2.395,4.601942539,11.1153965,24
2.396,6.135923386,11.12030506,24
2.397,6.135923386,11.12490654,24
2.398,4.601942539,11.12950802,24
2.399,4.601942539,11.1331892,24
2.4,4.601942539,11.13809776,24
2.401,4.601942539,11.14300632,24
2.402,4.601942539,11.1476078,24
2.403,4.601942539,11.15220928,24
2.404,6.135923386,11.15619755,24
2.405,4.601942539,11.16171932,24
2.406,3.067961693,11.1663208,24
2.407,4.601942539,11.17030907,24
2.408,6.135923386,11.17675114,24
2.409,4.601942539,11.18135262,24
2.41,4.601942539,11.18626118,24
2.411,6.135923386,11.19116974,24
2.412,4.601942539,11.19577122,24
2.413,4.601942539,11.20067978,24
2.414,4.601942539,11.20528126,24
2.415,3.067961693,11.20988274,24
2.416,4.601942539,11.213871,24
2.417,4.601942539,11.21847248,24
2.418,4.601942539,11.22338104,24
2.419,4.601942539,11.22706223,24
2.42,4.601942539,11.2316637,24
2.421,4.601942539,11.23626518,24
2.422,4.601942539,11.24117374,24
2.423,4.601942539,11.24485493,24
2.424,4.601942539,11.2503767,24
2.425,4.601942539,11.25528526,24
2.426,4.601942539,11.25957966,24
2.427,6.135923386,11.26540852,24
2.428,6.135923386,11.27123737,24
2.429,4.601942539,11.27491856,24
2.43,4.601942539,11.27952003,24
2.431,4.601942539,11.28412151,24
2.432,4.601942539,11.28872299,24
2.433,4.601942539,11.29363155,24
2.434,4.601942539,11.29731274,24
2.435,4.601942539,11.30191422,24
2.436,4.601942539,11.30651569,24
2.437,4.601942539,11.31111717,24
2.438,4.601942539,11.31541157,24
2.439,4.601942539,11.32032013,24
2.44,4.601942539,11.32461452,24
2.441,6.135923386,11.32952309,24
2.442,4.601942539,11.33381748,24
2.443,4.601942539,11.33933926,24
2.444,4.601942539,11.34424782,24
2.445,4.601942539,11.347929,24
2.446,4.601942539,11.35345078,24
2.447,4.601942539,11.35805225,24
2.448,4.601942539,11.36265373,24
2.449,4.601942539,11.36725521,24
2.45,3.067961693,11.37093639,24
2.451,4.601942539,11.37676525,24
2.452,6.135923386,11.38228703,24
2.453,3.067961693,11.3868885,24
2.454,4.601942539,11.39148998,24
2.455,4.601942539,11.39701176,24
2.457,4.601942539,11.40345383,24
2.458,4.601942539,11.40836239,24
2.459,6.135923386,11.41204357,24
2.46,6.135923386,11.41695213,24
2.461,4.601942539,11.42063332,24
2.462,4.601942539,11.42615509,24
2.462,4.601942539,11.43014336,24
2.463,3.067961693,11.43382454,24
2.464,4.601942539,11.4387331,24
2.465,4.601942539,11.44241428,24
2.466,4.601942539,11.44732285,24
2.467,4.601942539,11.45192432,24
2.468,4.601942539,11.45683289,24
2.469,4.601942539,11.46051407,24
2.47,4.601942539,11.46511555,24
2.471,4.601942539,11.46910381,24
2.472,4.601942539,11.47370529,24
2.473,4.601942539,11.47738647,24
2.473,4.601942539,11.48229504,24
2.474,4.601942539,11.4862833,24
2.475,4.601942539,11.49088478,24
2.476,4.601942539,11.49456596,24
2.477,4.601942539,11.50039482,24
2.478,4.601942539,11.50530338,24
2.479,6.135923386,11.51021194,24
2.48,6.135923386,11.51389313,24
2.481,4.601942539,11.51880169,24
2.482,4.601942539,11.52340317,24
2.483,6.135923386,11.52739143,24
2.484,4.601942539,11.53107262,24
2.485,6.135923386,11.53598118,24
2.486,4.601942539,11.53935528,24
2.486,4.601942539,11.54426384,24
2.487,4.601942539,11.54825211,24
2.488,4.601942539,11.55285358,24
2.489,4.601942539,11.55653477,24
2.49,4.601942539,11.56113625,24
2.491,3.067961693,11.56512451,24
2.492,4.601942539,11.56880569,24
2.493,4.601942539,11.57371426,24
2.494,3.067961693,11.57739544,24
2.494,6.135923386,11.582304,24
2.495,4.601942539,11.58598518,24
2.496,4.601942539,11.59089375,24
2.497,6.135923386,11.59457493,24
2.498,4.601942539,11.59917641,24
2.499,4.601942539,11.60285759,24
2.5,3.067961693,11.60653877,24
2.501,4.601942539,11.61206055,24
2.502,3.067961693,11.61574173,24
2.503,4.601942539,11.61942291,24
2.503,4.601942539,11.62433147,24
2.504,4.601942539,11.62801266,24
2.505,4.601942539,11.63261414,24
2.506,3.067961693,11.63598824,24
2.507,6.135923386,11.6399765,24
2.508,6.135923386,11.64457798,24
2.509,4.601942539,11.64795208,24
2.51,4.601942539,11.65163326,24
2.51,4.601942539,11.65623474,24
2.511,4.601942539,11.65991592,24
2.512,4.601942539,11.6645174,24
2.513,6.135923386,11.66850567,24
2.514,4.601942539,11.67310715,24
2.515,3.067961693,11.67648125,24
2.516,4.601942539,11.68016243,24
2.517,4.601942539,11.6856842,24
2.518,4.601942539,11.69059277,24
2.519,4.601942539,11.69519424,24
2.52,4.601942539,11.69887543,24
2.521,6.135923386,11.70347691,24
2.521,4.601942539,11.70715809,24
2.522,4.601942539,11.71175957,24
2.523,4.601942539,11.71636105,24
2.524,6.135923386,11.72034931,24
2.525,3.067961693,11.72372341,24
2.526,4.601942539,11.72863197,24
2.527,4.601942539,11.73323345,24
2.528,3.067961693,11.73783493,24
2.529,4.601942539,11.7418232,24
2.53,4.601942539,11.74642467,24
2.531,4.601942539,11.75133324,24
2.532,4.601942539,11.75501442,24
2.533,4.601942539,11.7596159,24
2.533,4.601942539,11.76360416,24
2.534,3.067961693,11.76728535,24
2.535,3.067961693,11.77188683,24
2.536,3.067961693,11.77556801,24
2.537,4.601942539,11.78047657,24
2.538,4.601942539,11.78415775,24
2.539,4.601942539,11.78875923,24
2.54,4.601942539,11.7927475,24
2.541,3.067961693,11.79642868,24
2.541,4.601942539,11.80010986,24
2.542,3.067961693,11.80471134,24
2.543,4.601942539,11.80869961,24
2.544,4.601942539,11.81452847,24
2.545,6.135923386,11.81820965,24
2.546,3.067961693,11.82189083,24
2.547,4.601942539,11.82679939,24
2.548,4.601942539,11.83140087,24
2.549,4.601942539,11.83630943,24
2.55,4.601942539,11.84091091,24
2.551,4.601942539,11.84459209,24
2.552,4.601942539,11.84950066,24
2.553,4.601942539,11.85318184,24
2.553,4.601942539,11.85778332,24
2.554,4.601942539,11.86177158,24
2.555,4.601942539,11.86545277,24
2.556,4.601942539,11.87005424,24
2.557,4.601942539,11.87404251,24
2.558,4.601942539,11.87864399,24
2.559,4.601942539,11.88324547,24
2.56,4.601942539,11.88692665,24
2.561,4.601942539,11.89275551,24
2.562,4.601942539,11.89735699,24
2.563,4.601942539,11.90103817,24
2.564,6.135923386,11.90594673,24
2.564,4.601942539,11.90962791,24
2.566,4.601942539,11.91422939,24
2.567,4.601942539,11.91975117,24
2.567,4.601942539,11.92343235,24
2.568,4.601942539,11.92803383,24
2.569,4.601942539,11.93171501,24
2.57,4.601942539,11.93631649,24
2.571,6.135923386,11.94122505,24
2.572,4.601942539,11.94643974,24
2.573,4.601942539,11.9513483,24
2.574,3.067961693,11.9556427,24
2.575,4.601942539,11.95963097,24
2.576,4.601942539,11.96423244,24
2.577,4.601942539,11.96975422,24
2.578,4.601942539,11.97527599,24
2.58,4.601942539,11.97957039,24
2.581,4.601942539,11.98447895,24
2.582,4.601942539,11.98908043,24
2.583,4.601942539,11.99368191,24
2.584,4.601942539,11.99859047,24
2.585,6.135923386,12.00319195,24
2.586,4.601942539,12.00779343,24
2.587,4.601942539,12.01239491,24
2.588,6.135923386,12.01699638,24
2.589,4.601942539,12.02159786,24
2.59,4.601942539,12.02619934,24
2.591,4.601942539,12.03080082,24
2.592,6.135923386,12.03570938,24
2.593,4.601942539,12.04031086,24
2.594,4.601942539,12.04491234,24
2.595,4.601942539,12.0498209,24
2.596,4.601942539,12.05442238,24
2.597,4.601942539,12.05933094,24
2.598,4.601942539,12.06393242,24
2.599,4.601942539,12.0685339,24
2.6,4.601942539,12.07344246,24
2.601,6.135923386,12.07835102,24
2.602,6.135923386,12.0820322,24
2.602,6.135923386,12.08694077,24
2.603,3.067961693,12.09123516,24
2.604,4.601942539,12.09614372,24
2.605,4.601942539,12.1007452,24
2.606,4.601942539,12.10473347,24
2.607,6.135923386,12.11056232,24
2.608,4.601942539,12.11424351,24
2.609,4.601942539,12.11884499,24
2.61,4.601942539,12.12375355,24
2.611,4.601942539,12.12835503,24
2.612,6.135923386,12.13357067,24
2.613,4.601942539,12.13786507,24
2.614,4.601942539,12.14277363,24
2.615,4.601942539,12.14737511,24
2.616,3.067961693,12.15197659,24
2.617,4.601942539,12.15688515,24
2.618,4.601942539,12.16087341,24
2.619,3.067961693,12.16547489,24
2.62,6.135923386,12.17038345,24
2.621,4.601942539,12.17406464,24
2.622,4.601942539,12.17866611,24
2.623,4.601942539,12.18296051,24
2.624,3.067961693,12.18786907,24
2.625,6.135923386,12.19277763,24
2.626,4.601942539,12.19737911,24
2.627,4.601942539,12.2010603,24
2.628,4.601942539,12.20688915,24
2.629,4.601942539,12.21149063,24
2.63,6.135923386,12.21639919,24
2.631,4.601942539,12.22100067,24
2.632,4.601942539,12.22560215,24
2.633,3.067961693,12.23020363,24
2.634,3.067961693,12.23388481,24
2.635,4.601942539,12.23971367,24
2.636,6.135923386,12.24370193,24
2.637,4.601942539,12.24922371,24
2.638,4.601942539,12.25382519,24
2.639,4.601942539,12.25842667,24
2.64,4.601942539,12.26302814,24
2.641,4.601942539,12.26793671,24
2.642,4.601942539,12.27253819,24
2.643,4.601942539,12.27713966,24
2.644,4.601942539,12.28174114,24
2.645,3.067961693,12.28634262,24
2.646,4.601942539,12.29125118,24
2.647,4.601942539,12.29493237,24
2.648,4.601942539,12.30045414,24
2.649,4.601942539,12.30597591,24
2.65,4.601942539,12.3096571,24
2.651,4.601942539,12.31456566,24
2.652,4.601942539,12.31886005,24
2.653,4.601942539,12.32376862,24
2.654,4.601942539,12.32837009,24
2.655,4.601942539,12.33389187,24
2.656,4.601942539,12.33849335,24
2.657,4.601942539,12.3443222,24
2.658,4.601942539,12.3486166,24
2.659,4.601942539,12.35352516,24
2.66,4.601942539,12.35720634,24
2.661,4.601942539,12.36272812,24
2.662,3.067961693,12.36824989,24
2.664,4.601942539,12.37285137,24
2.664,6.135923386,12.3774538,24
2.665,4.601942539,12.38236237,24
2.666,6.135923386,12.38727093,24
2.667,3.067961693,12.39187241,24
2.668,4.601942539,12.39770126,24
2.67,4.601942539,12.40230274,24
2.671,4.601942539,12.40690422,24
2.672,4.601942539,12.4115057,24
2.673,4.601942539,12.41641426,24
2.674,4.601942539,12.42101574,24
2.674,4.601942539,12.42469692,24
2.675,4.601942539,12.42960548,24
2.676,4.601942539,12.43328667,24
2.677,6.135923386,12.43911552,24
2.678,4.601942539,12.44279671,24
2.679,4.601942539,12.44739819,24
2.68,6.135923386,12.45230675,24
2.681,4.601942539,12.45690823,24
2.682,4.601942539,12.4615097,24
2.683,4.601942539,12.46549797,24
2.684,6.135923386,12.47040653,24
2.685,4.601942539,12.47500801,24
2.686,4.601942539,12.47960949,24
2.687,4.601942539,12.48513126,24
2.688,6.135923386,12.48911953,24
2.689,4.601942539,12.49372101,24
2.69,3.067961693,12.49832249,24
2.691,4.601942539,12.50231075,24
2.692,4.601942539,12.50691223,24
2.693,4.601942539,12.51151371,24
2.694,4.601942539,12.51611519,24
2.695,6.135923386,12.52102375,24
2.696,4.601942539,12.52562523,24
2.697,4.601942539,12.53053379,24
2.698,4.601942539,12.53513527,24
2.699,4.601942539,12.54004383,24
2.7,6.135923386,12.54464531,24
2.701,6.135923386,12.54955387,24
2.702,6.135923386,12.55323505,24
2.703,4.601942539,12.55783653,24
2.704,4.601942539,12.56305218,24
2.705,3.067961693,12.56765366,24
2.706,4.601942539,12.57194901,24
2.707,6.135923386,12.57685757,24
2.708,4.601942539,12.58115196,24
2.709,4.601942539,12.58606052,24
2.71,4.601942539,12.5915823,24
2.711,4.601942539,12.59618378,24
2.712,4.601942539,12.60078526,24
2.713,4.601942539,12.60477352,24
2.714,4.601942539,12.609375,24
2.715,3.067961693,12.6136694,24
2.716,4.601942539,12.61857796,24
2.717,4.601942539,12.62348652,24
2.718,3.067961693,12.62686062,24
2.718,4.601942539,12.63176918,24
2.719,6.135923386,12.63667774,24
2.72,4.601942539,12.64097214,24
2.721,3.067961693,12.64465332,24
2.722,3.067961693,12.6492548,24
2.723,4.601942539,12.65416336,24
2.724,4.601942539,12.65876484,24
2.725,4.601942539,12.66336632,24
2.726,4.601942539,12.66827488,24
2.727,4.601942539,12.67379665,24
2.728,4.601942539,12.67839813,24
2.729,4.601942539,12.68330669,24
2.73,4.601942539,12.68790817,24
2.731,4.601942539,12.69158936,24
2.732,6.135923386,12.69741821,24
2.733,4.601942539,12.70201969,24
2.735,4.601942539,12.70784855,24
2.736,4.601942539,12.71245003,24
2.737,4.601942539,12.71827888,24
2.738,4.601942539,12.72288036,24
2.739,4.601942539,12.72840214,24
2.74,4.601942539,12.7323904,24
2.741,4.601942539,12.73699188,24
2.742,4.601942539,12.74190044,24
2.743,4.601942539,12.74650192,24
2.744,4.601942539,12.75018311,24
2.745,4.601942539,12.75509167,24
2.746,4.601942539,12.76000023,24
2.747,4.601942539,12.765522,24
2.748,3.067961693,12.77043056,24
2.749,4.601942539,12.77533913,24
2.75,4.601942539,12.78024769,24
2.751,4.601942539,12.78515625,24
2.752,4.601942539,12.78975773,24
2.753,4.601942539,12.79558659,24
2.754,4.601942539,12.79926777,24
2.755,4.601942539,12.80386925,24
2.756,4.601942539,12.8096981,24
2.757,4.601942539,12.81429958,24
2.758,3.067961693,12.81982136,24
2.759,4.601942539,12.82565022,24
2.76,4.601942539,12.83055878,24
2.761,4.601942539,12.83423996,24
2.762,3.067961693,12.83884144,24
2.763,4.601942539,12.84375,24
2.764,6.135923386,12.84865856,24
2.765,4.601942539,12.85326004,24
2.766,4.601942539,12.85786152,24
2.767,4.601942539,12.86277008,24
2.768,4.601942539,12.86737156,24
2.769,6.135923386,12.87228012,24
2.77,4.601942539,12.8778019,24
2.771,4.601942539,12.88148308,24
2.772,6.135923386,12.88608456,24
2.773,4.601942539,12.89099312,24
2.774,4.601942539,12.89620781,24
2.776,3.067961693,12.90172958,24
2.777,4.601942539,12.90755844,24
2.778,4.601942539,12.91215992,24
2.779,4.601942539,12.9167614,24
2.78,6.135923386,12.92166996,24
2.781,4.601942539,12.92627144,24
2.782,4.601942539,12.93179321,24
2.783,4.601942539,12.93731499,24
2.784,4.601942539,12.94191647,24
2.785,4.601942539,12.94651794,24
2.786,3.067961693,12.95111942,24
2.787,4.601942539,12.9557209,24
2.788,6.135923386,12.96124268,24
2.789,4.601942539,12.96584415,24
2.79,3.067961693,12.97044563,24
2.791,4.601942539,12.97504711,24
2.792,4.601942539,12.97964859,24
2.793,4.601942539,12.98455715,24
2.794,4.601942539,12.98915863,24
2.795,4.601942539,12.99406719,24
2.797,4.601942539,12.99958897,24
2.798,3.067961693,13.00419044,24
2.799,4.601942539,13.00879192,24
2.8,4.601942539,13.01370049,24
2.801,4.601942539,13.01860905,24
2.802,4.601942539,13.02321053,24
2.803,4.601942539,13.02811909,24
2.804,4.601942539,13.03272057,24
2.805,4.601942539,13.03732204,24
2.806,6.135923386,13.04223061,24
2.807,4.601942539,13.046525,24
2.808,4.601942539,13.05235386,24
2.809,4.601942539,13.05726242,24
2.81,6.135923386,13.06217098,24
2.811,4.601942539,13.06677246,24
2.812,4.601942539,13.07137394,24
2.813,4.601942539,13.07597542,24
2.814,4.601942539,13.08088398,24
2.815,4.601942539,13.08579254,24
2.816,4.601942539,13.0907011,24
2.817,4.601942539,13.09530258,24
2.818,4.601942539,13.10021114,24
2.819,4.601942539,13.10481262,24
2.82,6.135923386,13.10972118,24
2.821,4.601942539,13.11432266,24
2.822,6.135923386,13.11923122,24
2.823,4.601942539,13.124753,24
2.824,4.601942539,13.12843418,24
2.825,4.601942539,13.13395596,24
2.826,4.601942539,13.13763714,24
2.827,6.135923386,13.143466,24
2.828,4.601942539,13.14929485,24
2.829,4.601942539,13.15481663,24
2.83,6.135923386,13.15972519,24
2.831,4.601942539,13.16432667,24
2.833,4.601942539,13.16984844,24
2.834,6.135923386,13.174757,24
2.835,4.601942539,13.17935848,24
2.836,4.601942539,13.18395996,24
2.837,4.601942539,13.18856144,24
2.838,4.601942539,13.19316292,24
2.839,4.601942539,13.1977644,24
2.84,4.601942539,13.20236588,24
2.841,4.601942539,13.20727444,24
2.842,6.135923386,13.212183,24
2.843,4.601942539,13.21862507,24
2.844,6.135923386,13.22445393,24
2.845,4.601942539,13.2290554,24
2.846,4.601942539,13.23365688,24
2.847,6.135923386,13.23825836,24
2.848,4.601942539,13.24285984,24
2.849,4.601942539,13.24930191,24
2.851,4.601942539,13.25605106,24
2.852,4.601942539,13.26433372,24
2.854,4.601942539,13.27077579,24
2.855,3.067961693,13.27537727,24
2.856,4.601942539,13.28089905,24
2.858,4.601942539,13.28550053,24
2.859,4.601942539,13.29132938,24
2.86,4.601942539,13.29685116,24
2.861,6.135923386,13.30175972,24
2.862,4.601942539,13.3063612,24
2.863,6.135923386,13.31126976,24
2.864,4.601942539,13.31587124,24
2.865,4.601942539,13.32047272,24
2.866,4.601942539,13.32538128,24
2.867,4.601942539,13.32998276,24
2.868,4.601942539,13.33366394,24
2.869,4.601942539,13.3385725,24
2.869,4.601942539,13.34256077,24
2.87,4.601942539,13.34685516,24
2.872,4.601942539,13.35176373,24
2.873,4.601942539,13.3572855,24
2.874,3.067961693,13.36096668,24
2.874,4.601942539,13.36587524,24
2.875,4.601942539,13.37047672,24
2.876,6.135923386,13.37446499,24
2.877,4.601942539,13.37998676,24
2.878,4.601942539,13.38489532,24
2.879,4.601942539,13.38980389,24
2.88,3.067961693,13.39409828,24
2.881,4.601942539,13.39931393,24
